ts,symbol,close,quote_volume
2026-02-04T18:00:00+00:00,BTCUSDT,73398.4,2252424044.1435
2026-02-04T18:00:00+00:00,ETHUSDT,2147.24,3013758954.93297
2026-02-04T18:00:00+00:00,SOLUSDT,92.24,348523860.573
2026-02-04T19:00:00+00:00,BTCUSDT,73895.3,1028203579.694
2026-02-04T19:00:00+00:00,ETHUSDT,2187.77,1192259356.432
2026-02-04T19:00:00+00:00,SOLUSDT,94.32,365343552.2249
2026-02-04T20:00:00+00:00,BTCUSDT,73488.9,533465070.4397
2026-02-04T20:00:00+00:00,ETHUSDT,2171.18,527359389.42747
2026-02-04T20:00:00+00:00,SOLUSDT,93.19,129226926.8522
2026-02-04T21:00:00+00:00,BTCUSDT,72772.8,738361052.8162
2026-02-04T21:00:00+00:00,ETHUSDT,2128.66,860500250.4942
2026-02-04T21:00:00+00:00,SOLUSDT,91.28,234608562.7773
2026-02-04T22:00:00+00:00,BTCUSDT,72511.1,1159569075.0405
2026-02-04T22:00:00+00:00,ETHUSDT,2119.25,856020395.71018
2026-02-04T22:00:00+00:00,SOLUSDT,90.78,280449791.7293
2026-02-04T23:00:00+00:00,BTCUSDT,73137.4,641064320.7961
2026-02-04T23:00:00+00:00,ETHUSDT,2147.01,547197475.00442
2026-02-04T23:00:00+00:00,SOLUSDT,92.07,174527225.5497
2026-02-05T00:00:00+00:00,BTCUSDT,72838.9,469009882.4658
2026-02-05T00:00:00+00:00,ETHUSDT,2149.03,387660910.11598
2026-02-05T00:00:00+00:00,SOLUSDT,91.69,89804100.4058
2026-02-05T01:00:00+00:00,BTCUSDT,72389.2,1048073370.2806
2026-02-05T01:00:00+00:00,ETHUSDT,2147.8,753669603.79203
2026-02-05T01:00:00+00:00,SOLUSDT,91.89,188643480.8271
2026-02-05T02:00:00+00:00,BTCUSDT,71429.1,1741249407.1385
2026-02-05T02:00:00+00:00,ETHUSDT,2123.31,1010893830.00564
2026-02-05T02:00:00+00:00,SOLUSDT,90.87,184078679.5085
2026-02-05T03:00:00+00:00,BTCUSDT,71198.9,1189407787.1759
2026-02-05T03:00:00+00:00,ETHUSDT,2109.11,856272800.33987
2026-02-05T03:00:00+00:00,SOLUSDT,91.1,180811825.6397
2026-02-05T04:00:00+00:00,BTCUSDT,70873.2,1657378879.0603
2026-02-05T04:00:00+00:00,ETHUSDT,2103.1,1251826512.27663
2026-02-05T04:00:00+00:00,SOLUSDT,91.08,196912096.7007
2026-02-05T05:00:00+00:00,BTCUSDT,70694.9,1513549347.7604
2026-02-05T05:00:00+00:00,ETHUSDT,2100.43,1320137859.50563
2026-02-05T05:00:00+00:00,SOLUSDT,91.13,275375688.7773
2026-02-05T06:00:00+00:00,BTCUSDT,70911.4,846235509.5739
2026-02-05T06:00:00+00:00,ETHUSDT,2086.31,1133660140.73819
2026-02-05T06:00:00+00:00,SOLUSDT,90.16,189695925.534
2026-02-05T07:00:00+00:00,BTCUSDT,70716.1,988083921.7632
2026-02-05T07:00:00+00:00,ETHUSDT,2090.57,978039204.71256
2026-02-05T07:00:00+00:00,SOLUSDT,90.5,160135155.4885
2026-02-05T08:00:00+00:00,BTCUSDT,71020.9,672303159.9652
2026-02-05T08:00:00+00:00,ETHUSDT,2110.84,578081326.90467
2026-02-05T08:00:00+00:00,SOLUSDT,91.73,137384094.8151
2026-02-05T09:00:00+00:00,BTCUSDT,71531.7,834805899.5056
2026-02-05T09:00:00+00:00,ETHUSDT,2132.71,727034675.4023
2026-02-05T09:00:00+00:00,SOLUSDT,92.47,132049564.3903
2026-02-05T10:00:00+00:00,BTCUSDT,70820.3,657477822.101
2026-02-05T10:00:00+00:00,ETHUSDT,2096.49,778598751.67462
2026-02-05T10:00:00+00:00,SOLUSDT,90.22,209694323.2088
2026-02-05T11:00:00+00:00,BTCUSDT,70279.0,1744223523.0088
2026-02-05T11:00:00+00:00,ETHUSDT,2078.74,1382051990.78495
2026-02-05T11:00:00+00:00,SOLUSDT,89.92,314373225.8521
2026-02-05T12:00:00+00:00,BTCUSDT,69532.9,2439437821.4671
2026-02-05T12:00:00+00:00,ETHUSDT,2062.96,1654504525.63909
2026-02-05T12:00:00+00:00,SOLUSDT,89.47,288504833.4287
2026-02-05T13:00:00+00:00,BTCUSDT,69656.3,903258204.9069
2026-02-05T13:00:00+00:00,ETHUSDT,2057.52,799373329.08412
2026-02-05T13:00:00+00:00,SOLUSDT,88.44,186568232.7609
2026-02-05T14:00:00+00:00,BTCUSDT,69365.5,2120560044.4682
2026-02-05T14:00:00+00:00,ETHUSDT,2045.37,1777854327.29283
2026-02-05T14:00:00+00:00,SOLUSDT,88.56,389713778.3447
2026-02-05T15:00:00+00:00,BTCUSDT,67451.9,6130341249.267
2026-02-05T15:00:00+00:00,ETHUSDT,1959.21,4912470801.85942
2026-02-05T15:00:00+00:00,SOLUSDT,84.55,898991921.572
2026-02-05T16:00:00+00:00,BTCUSDT,68262.7,2446333931.9678
2026-02-05T16:00:00+00:00,ETHUSDT,1997.34,1847911584.15093
2026-02-05T16:00:00+00:00,SOLUSDT,85.5,428518593.7739
2026-02-05T17:00:00+00:00,BTCUSDT,66153.9,2873001931.4753
2026-02-05T17:00:00+00:00,ETHUSDT,1953.53,1484835651.66545
2026-02-05T17:00:00+00:00,SOLUSDT,82.64,444095372.8129
2026-02-05T18:00:00+00:00,BTCUSDT,66312.1,2447637642.5326
2026-02-05T18:00:00+00:00,ETHUSDT,1948.76,1554229681.06211
2026-02-05T18:00:00+00:00,SOLUSDT,82.89,371850840.321
2026-02-05T19:00:00+00:00,BTCUSDT,65237.4,1496026635.5856
2026-02-05T19:00:00+00:00,ETHUSDT,1927.24,785897643.27962
2026-02-05T19:00:00+00:00,SOLUSDT,81.63,236979649.2206
2026-02-05T20:00:00+00:00,BTCUSDT,63750.9,4947369613.8
2026-02-05T20:00:00+00:00,ETHUSDT,1868.38,2964424472.35893
2026-02-05T20:00:00+00:00,SOLUSDT,78.77,806888736.2228
2026-02-05T21:00:00+00:00,BTCUSDT,63188.8,2913764025.9759
2026-02-05T21:00:00+00:00,ETHUSDT,1848.73,1716880522.14111
2026-02-05T21:00:00+00:00,SOLUSDT,78.93,373833939.3199
2026-02-05T22:00:00+00:00,BTCUSDT,63878.7,1651949325.2753
2026-02-05T22:00:00+00:00,ETHUSDT,1869.54,1252622345.97607
2026-02-05T22:00:00+00:00,SOLUSDT,79.76,339968644.014
2026-02-05T23:00:00+00:00,BTCUSDT,62868.1,1651974235.2956
2026-02-05T23:00:00+00:00,ETHUSDT,1824.95,1412658214.46979
2026-02-05T23:00:00+00:00,SOLUSDT,78.29,276074525.1067
2026-02-06T00:00:00+00:00,BTCUSDT,63460.4,5808759615.9333
2026-02-06T00:00:00+00:00,ETHUSDT,1869.28,3495031783.57006
2026-02-06T00:00:00+00:00,SOLUSDT,75.42,1371039353.122
2026-02-06T01:00:00+00:00,BTCUSDT,65666.0,2560681881.6264
2026-02-06T01:00:00+00:00,ETHUSDT,1930.79,1712232544.02354
2026-02-06T01:00:00+00:00,SOLUSDT,79.48,416992943.3311
2026-02-06T02:00:00+00:00,BTCUSDT,64955.6,1854835620.1429
2026-02-06T02:00:00+00:00,ETHUSDT,1906.7,1226717213.26526
2026-02-06T02:00:00+00:00,SOLUSDT,76.89,376291390.1312
2026-02-06T03:00:00+00:00,BTCUSDT,64138.1,942392760.5366
2026-02-06T03:00:00+00:00,ETHUSDT,1891.17,637151395.10635
2026-02-06T03:00:00+00:00,SOLUSDT,76.66,201529059.8178
2026-02-06T04:00:00+00:00,BTCUSDT,64865.1,642422994.3237
2026-02-06T04:00:00+00:00,ETHUSDT,1907.9,449457317.66131
2026-02-06T04:00:00+00:00,SOLUSDT,77.69,161224657.3207
2026-02-06T05:00:00+00:00,BTCUSDT,66365.3,1257763647.2107
2026-02-06T05:00:00+00:00,ETHUSDT,1957.62,904799277.47799
2026-02-06T05:00:00+00:00,SOLUSDT,81.06,258784052.3938
2026-02-06T06:00:00+00:00,BTCUSDT,64947.6,1538852082.768
2026-02-06T06:00:00+00:00,ETHUSDT,1907.55,880576839.36599
2026-02-06T06:00:00+00:00,SOLUSDT,79.41,220508130.011
2026-02-06T07:00:00+00:00,BTCUSDT,64811.2,1145906769.9996
2026-02-06T07:00:00+00:00,ETHUSDT,1898.21,886252041.17645
2026-02-06T07:00:00+00:00,SOLUSDT,79.5,190635397.5623
2026-02-06T08:00:00+00:00,BTCUSDT,64850.1,899602715.8032
2026-02-06T08:00:00+00:00,ETHUSDT,1873.78,981254677.77157
2026-02-06T08:00:00+00:00,SOLUSDT,78.98,172858899.1562
2026-02-06T09:00:00+00:00,BTCUSDT,65757.9,1000706593.9588
2026-02-06T09:00:00+00:00,ETHUSDT,1918.44,997506923.36553
2026-02-06T09:00:00+00:00,SOLUSDT,81.22,185567894.9492
2026-02-06T10:00:00+00:00,BTCUSDT,65929.4,739268065.4015
2026-02-06T10:00:00+00:00,ETHUSDT,1926.27,686246543.80238
2026-02-06T10:00:00+00:00,SOLUSDT,80.73,166983839.4607
2026-02-06T11:00:00+00:00,BTCUSDT,66586.1,909885135.1946
2026-02-06T11:00:00+00:00,ETHUSDT,1931.76,458503341.51001
2026-02-06T11:00:00+00:00,SOLUSDT,81.26,150692854.5652
2026-02-06T12:00:00+00:00,BTCUSDT,66522.6,657820261.4448
2026-02-06T12:00:00+00:00,ETHUSDT,1920.01,448536169.82608
2026-02-06T12:00:00+00:00,SOLUSDT,81.78,109773036.0603
2026-02-06T13:00:00+00:00,BTCUSDT,67274.9,1611746392.125
2026-02-06T13:00:00+00:00,ETHUSDT,1949.3,1016281079.61946
2026-02-06T13:00:00+00:00,SOLUSDT,83.01,317682319.2042
2026-02-06T14:00:00+00:00,BTCUSDT,68149.1,2689301088.7766
2026-02-06T14:00:00+00:00,ETHUSDT,1978.2,1706089001.80011
2026-02-06T14:00:00+00:00,SOLUSDT,84.1,424375409.4569
2026-02-06T15:00:00+00:00,BTCUSDT,68577.5,2188046233.4307
2026-02-06T15:00:00+00:00,ETHUSDT,1979.49,1127781248.80803
2026-02-06T15:00:00+00:00,SOLUSDT,84.4,309981274.7032
2026-02-06T16:00:00+00:00,BTCUSDT,69896.0,2458941258.7673
2026-02-06T16:00:00+00:00,ETHUSDT,2034.94,1793526006.78216
2026-02-06T16:00:00+00:00,SOLUSDT,86.58,380622438.496
2026-02-06T17:00:00+00:00,BTCUSDT,70707.3,2388529300.5343
2026-02-06T17:00:00+00:00,ETHUSDT,2066.53,1629456376.30033
2026-02-06T17:00:00+00:00,SOLUSDT,86.58,330451639.6942
2026-02-06T18:00:00+00:00,BTCUSDT,69728.7,1865912250.1399
2026-02-06T18:00:00+00:00,ETHUSDT,2044.21,1258762174.95019
2026-02-06T18:00:00+00:00,SOLUSDT,86.03,241430427.4576
2026-02-06T19:00:00+00:00,BTCUSDT,70675.5,851795612.3992
2026-02-06T19:00:00+00:00,ETHUSDT,2065.15,663164411.70446
2026-02-06T19:00:00+00:00,SOLUSDT,86.97,171545966.4496
2026-02-06T20:00:00+00:00,BTCUSDT,69939.0,931074931.1471
2026-02-06T20:00:00+00:00,ETHUSDT,2053.19,872021660.98595
2026-02-06T20:00:00+00:00,SOLUSDT,86.83,163250481.6987
2026-02-06T21:00:00+00:00,BTCUSDT,70308.7,448085297.8276
2026-02-06T21:00:00+00:00,ETHUSDT,2053.45,341429646.72266
2026-02-06T21:00:00+00:00,SOLUSDT,87.97,106728258.3996
2026-02-06T22:00:00+00:00,BTCUSDT,71321.1,915352320.2025
2026-02-06T22:00:00+00:00,ETHUSDT,2074.06,569301563.71461
2026-02-06T22:00:00+00:00,SOLUSDT,89.1,146379502.5888
2026-02-06T23:00:00+00:00,BTCUSDT,70544.5,839471846.2719
2026-02-06T23:00:00+00:00,ETHUSDT,2062.54,516634137.24528
2026-02-06T23:00:00+00:00,SOLUSDT,87.42,149123234.9216
2026-02-07T00:00:00+00:00,BTCUSDT,69917.1,990138273.7562
2026-02-07T00:00:00+00:00,ETHUSDT,2043.09,488116093.3419
2026-02-07T00:00:00+00:00,SOLUSDT,86.51,172595951.5583
2026-02-07T01:00:00+00:00,BTCUSDT,70431.1,518385565.4642
2026-02-07T01:00:00+00:00,ETHUSDT,2060.69,363271647.47888
2026-02-07T01:00:00+00:00,SOLUSDT,87.06,98931878.8645
2026-02-07T02:00:00+00:00,BTCUSDT,70319.0,293831818.9698
2026-02-07T02:00:00+00:00,ETHUSDT,2058.46,218050199.03897
2026-02-07T02:00:00+00:00,SOLUSDT,87.23,57724453.1936
2026-02-07T03:00:00+00:00,BTCUSDT,70887.1,435315899.9617
2026-02-07T03:00:00+00:00,ETHUSDT,2079.62,490740816.41409
2026-02-07T03:00:00+00:00,SOLUSDT,88.01,91806577.0494
2026-02-07T04:00:00+00:00,BTCUSDT,70728.7,908274590.9794
2026-02-07T04:00:00+00:00,ETHUSDT,2086.14,902031466.54709
2026-02-07T04:00:00+00:00,SOLUSDT,87.65,113337645.1171
2026-02-07T05:00:00+00:00,BTCUSDT,70124.6,841324355.1944
2026-02-07T05:00:00+00:00,ETHUSDT,2082.74,383732353.52238
2026-02-07T05:00:00+00:00,SOLUSDT,87.75,83459114.5288
2026-02-07T06:00:00+00:00,BTCUSDT,68733.6,1353523440.7789
2026-02-07T06:00:00+00:00,ETHUSDT,2046.54,604191542.88419
2026-02-07T06:00:00+00:00,SOLUSDT,86.21,96145819.6693
2026-02-07T07:00:00+00:00,BTCUSDT,68050.5,3031064447.6708
2026-02-07T07:00:00+00:00,ETHUSDT,2026.09,1723844876.14451
2026-02-07T07:00:00+00:00,SOLUSDT,85.24,390548331.1725
2026-02-07T08:00:00+00:00,BTCUSDT,68458.5,1143682992.5533
2026-02-07T08:00:00+00:00,ETHUSDT,2018.32,476188002.2979
2026-02-07T08:00:00+00:00,SOLUSDT,85.29,111398710.7863
2026-02-07T09:00:00+00:00,BTCUSDT,68107.4,634563675.7394
2026-02-07T09:00:00+00:00,ETHUSDT,2013.64,393754666.22182
2026-02-07T09:00:00+00:00,SOLUSDT,85.19,80178051.5932
2026-02-07T10:00:00+00:00,BTCUSDT,67954.8,527136692.7552
2026-02-07T10:00:00+00:00,ETHUSDT,2009.7,358252239.16554
2026-02-07T10:00:00+00:00,SOLUSDT,84.94,76568950.6518
2026-02-07T11:00:00+00:00,BTCUSDT,67935.1,409799476.9345
2026-02-07T11:00:00+00:00,ETHUSDT,2017.52,249220132.26398
2026-02-07T11:00:00+00:00,SOLUSDT,84.85,69090740.1816
2026-02-07T12:00:00+00:00,BTCUSDT,68988.7,2097129780.0655
2026-02-07T12:00:00+00:00,ETHUSDT,2040.6,1203910910.09481
2026-02-07T12:00:00+00:00,SOLUSDT,86.16,207164504.6267
2026-02-07T13:00:00+00:00,BTCUSDT,69062.8,507042335.2914
2026-02-07T13:00:00+00:00,ETHUSDT,2040.76,441919124.65236
2026-02-07T13:00:00+00:00,SOLUSDT,86.06,75217662.9067
2026-02-07T14:00:00+00:00,BTCUSDT,68615.9,575343593.8734
2026-02-07T14:00:00+00:00,ETHUSDT,2019.4,545801263.65268
2026-02-07T14:00:00+00:00,SOLUSDT,85.71,87108413.9052
2026-02-07T15:00:00+00:00,BTCUSDT,69122.1,946294856.9617
2026-02-07T15:00:00+00:00,ETHUSDT,2051.49,606837369.90325
2026-02-07T15:00:00+00:00,SOLUSDT,86.52,114147053.9141
2026-02-07T16:00:00+00:00,BTCUSDT,68924.3,1306707168.4291
2026-02-07T16:00:00+00:00,ETHUSDT,2049.07,7325975625.73911
2026-02-07T16:00:00+00:00,SOLUSDT,86.99,550373855.9888
2026-02-07T17:00:00+00:00,BTCUSDT,69154.3,518449427.1469
2026-02-07T17:00:00+00:00,ETHUSDT,2060.26,432383596.33781
2026-02-07T17:00:00+00:00,SOLUSDT,87.58,68753647.3624
2026-02-07T18:00:00+00:00,BTCUSDT,69475.0,338658919.1432
2026-02-07T18:00:00+00:00,ETHUSDT,2096.06,596630540.93836
2026-02-07T18:00:00+00:00,SOLUSDT,88.65,109050322.8984
2026-02-07T19:00:00+00:00,BTCUSDT,69341.4,197267778.2057
2026-02-07T19:00:00+00:00,ETHUSDT,2090.11,261881728.05658
2026-02-07T19:00:00+00:00,SOLUSDT,88.22,71782656.1216
2026-02-07T20:00:00+00:00,BTCUSDT,69596.5,167498903.3429
2026-02-07T20:00:00+00:00,ETHUSDT,2104.08,332660608.65135
2026-02-07T20:00:00+00:00,SOLUSDT,88.83,61757213.4606
2026-02-07T21:00:00+00:00,BTCUSDT,69466.3,139705787.5957
2026-02-07T21:00:00+00:00,ETHUSDT,2099.63,174363133.10073
2026-02-07T21:00:00+00:00,SOLUSDT,88.12,49823324.5692
2026-02-07T22:00:00+00:00,BTCUSDT,69368.2,133971711.9547
2026-02-07T22:00:00+00:00,ETHUSDT,2087.73,127613498.41779
2026-02-07T22:00:00+00:00,SOLUSDT,88.21,38458131.4727
2026-02-07T23:00:00+00:00,BTCUSDT,69254.2,421747839.2298
2026-02-07T23:00:00+00:00,ETHUSDT,2085.93,281454167.93489
2026-02-07T23:00:00+00:00,SOLUSDT,87.51,72535800.2053
2026-02-08T00:00:00+00:00,BTCUSDT,69100.2,280084118.2042
2026-02-08T00:00:00+00:00,ETHUSDT,2083.27,213451894.99864
2026-02-08T00:00:00+00:00,SOLUSDT,87.27,48170507.584
2026-02-08T01:00:00+00:00,BTCUSDT,69341.5,228832151.5706
2026-02-08T01:00:00+00:00,ETHUSDT,2095.01,202260762.19649
2026-02-08T01:00:00+00:00,SOLUSDT,87.79,35068371.049
2026-02-08T02:00:00+00:00,BTCUSDT,69335.7,303561924.0366
2026-02-08T02:00:00+00:00,ETHUSDT,2087.97,264630720.09004
2026-02-08T02:00:00+00:00,SOLUSDT,87.19,53257284.1058
2026-02-08T03:00:00+00:00,BTCUSDT,69064.7,220053600.6459
2026-02-08T03:00:00+00:00,ETHUSDT,2077.86,200029950.30221
2026-02-08T03:00:00+00:00,SOLUSDT,86.74,43368093.1768
2026-02-08T04:00:00+00:00,BTCUSDT,69303.4,167687775.2426
2026-02-08T04:00:00+00:00,ETHUSDT,2086.45,310999201.4122
2026-02-08T04:00:00+00:00,SOLUSDT,87.32,38779808.9012
2026-02-08T05:00:00+00:00,BTCUSDT,69190.7,181959917.338
2026-02-08T05:00:00+00:00,ETHUSDT,2083.55,145420121.68526
2026-02-08T05:00:00+00:00,SOLUSDT,87.2,23585290.4825
2026-02-08T06:00:00+00:00,BTCUSDT,69321.8,194511477.6051
2026-02-08T06:00:00+00:00,ETHUSDT,2078.34,143717193.06703
2026-02-08T06:00:00+00:00,SOLUSDT,87.08,27949837.7224
2026-02-08T07:00:00+00:00,BTCUSDT,69665.0,294679770.6502
2026-02-08T07:00:00+00:00,ETHUSDT,2083.48,288896690.23633
2026-02-08T07:00:00+00:00,SOLUSDT,87.32,46991196.4972
2026-02-08T08:00:00+00:00,BTCUSDT,70624.5,1144049398.8596
2026-02-08T08:00:00+00:00,ETHUSDT,2115.24,710311558.27057
2026-02-08T08:00:00+00:00,SOLUSDT,88.55,126186025.8343
2026-02-08T09:00:00+00:00,BTCUSDT,70066.8,484903834.7012
2026-02-08T09:00:00+00:00,ETHUSDT,2099.56,438176832.64682
2026-02-08T09:00:00+00:00,SOLUSDT,87.52,86764213.3548
2026-02-08T10:00:00+00:00,BTCUSDT,70231.1,707651713.8252
2026-02-08T10:00:00+00:00,ETHUSDT,2095.0,428150965.85235
2026-02-08T10:00:00+00:00,SOLUSDT,86.81,105744984.7505
2026-02-08T11:00:00+00:00,BTCUSDT,70954.0,745472175.9156
2026-02-08T11:00:00+00:00,ETHUSDT,2130.98,749952181.61435
2026-02-08T11:00:00+00:00,SOLUSDT,88.16,103797505.0343
2026-02-08T12:00:00+00:00,BTCUSDT,71203.4,529518614.0132
2026-02-08T12:00:00+00:00,ETHUSDT,2130.01,665394904.46234
2026-02-08T12:00:00+00:00,SOLUSDT,88.07,71979257.4645
2026-02-08T13:00:00+00:00,BTCUSDT,71472.6,537968724.7771
2026-02-08T13:00:00+00:00,ETHUSDT,2125.37,648106160.09863
2026-02-08T13:00:00+00:00,SOLUSDT,88.5,107203335.3448
2026-02-08T14:00:00+00:00,BTCUSDT,71218.3,388533158.6267
2026-02-08T14:00:00+00:00,ETHUSDT,2127.73,248433329.67601
2026-02-08T14:00:00+00:00,SOLUSDT,88.37,57287565.2918
2026-02-08T15:00:00+00:00,BTCUSDT,71152.6,553446461.0334
2026-02-08T15:00:00+00:00,ETHUSDT,2107.31,588711593.16539
2026-02-08T15:00:00+00:00,SOLUSDT,87.71,110678229.1051
2026-02-08T16:00:00+00:00,BTCUSDT,70388.7,650619733.7452
2026-02-08T16:00:00+00:00,ETHUSDT,2079.82,590071139.95164
2026-02-08T16:00:00+00:00,SOLUSDT,86.14,145071973.9915
2026-02-08T17:00:00+00:00,BTCUSDT,70754.5,389362585.3363
2026-02-08T17:00:00+00:00,ETHUSDT,2091.09,321342831.85855
2026-02-08T17:00:00+00:00,SOLUSDT,86.86,77091183.3869
2026-02-08T18:00:00+00:00,BTCUSDT,71103.1,409010618.256
2026-02-08T18:00:00+00:00,ETHUSDT,2108.0,382842318.91068
2026-02-08T18:00:00+00:00,SOLUSDT,87.75,103596934.9465
2026-02-08T19:00:00+00:00,BTCUSDT,71381.0,212046110.8051
2026-02-08T19:00:00+00:00,ETHUSDT,2125.76,221796023.52534
2026-02-08T19:00:00+00:00,SOLUSDT,88.34,57193232.4008
2026-02-08T20:00:00+00:00,BTCUSDT,70801.5,305533129.5701
2026-02-08T20:00:00+00:00,ETHUSDT,2103.49,222007178.71001
2026-02-08T20:00:00+00:00,SOLUSDT,86.84,80417432.8633
2026-02-08T21:00:00+00:00,BTCUSDT,70665.4,240718703.2368
2026-02-08T21:00:00+00:00,ETHUSDT,2092.58,256790623.15887
2026-02-08T21:00:00+00:00,SOLUSDT,86.54,63962634.0782
2026-02-08T22:00:00+00:00,BTCUSDT,71036.2,184361697.518
2026-02-08T22:00:00+00:00,ETHUSDT,2107.43,180127696.39887
2026-02-08T22:00:00+00:00,SOLUSDT,87.07,38254180.1855
2026-02-08T23:00:00+00:00,BTCUSDT,70288.1,2122927632.7445
2026-02-08T23:00:00+00:00,ETHUSDT,2088.6,1167241354.92992
2026-02-08T23:00:00+00:00,SOLUSDT,86.92,248136105.8281
2026-02-09T00:00:00+00:00,BTCUSDT,70454.1,524627262.9815
2026-02-09T00:00:00+00:00,ETHUSDT,2083.16,336629427.12039
2026-02-09T00:00:00+00:00,SOLUSDT,87.01,78172122.3433
2026-02-09T01:00:00+00:00,BTCUSDT,70328.0,541683901.1271
2026-02-09T01:00:00+00:00,ETHUSDT,2069.84,801460691.53335
2026-02-09T01:00:00+00:00,SOLUSDT,86.35,135239930.8148
2026-02-09T02:00:00+00:00,BTCUSDT,70593.0,388398199.8989
2026-02-09T02:00:00+00:00,ETHUSDT,2080.44,365028613.31737
2026-02-09T02:00:00+00:00,SOLUSDT,86.96,96827075.1824
2026-02-09T03:00:00+00:00,BTCUSDT,71269.9,527908135.3106
2026-02-09T03:00:00+00:00,ETHUSDT,2099.01,297590059.29275
2026-02-09T03:00:00+00:00,SOLUSDT,87.62,76301023.9121
2026-02-09T04:00:00+00:00,BTCUSDT,70967.0,291014586.709
2026-02-09T04:00:00+00:00,ETHUSDT,2089.36,197522349.81094
2026-02-09T04:00:00+00:00,SOLUSDT,87.06,49437162.4525
2026-02-09T05:00:00+00:00,BTCUSDT,71014.2,247605288.5822
2026-02-09T05:00:00+00:00,ETHUSDT,2094.54,171335189.43504
2026-02-09T05:00:00+00:00,SOLUSDT,87.19,42137912.01
2026-02-09T06:00:00+00:00,BTCUSDT,70622.4,460879715.4166
2026-02-09T06:00:00+00:00,ETHUSDT,2080.37,356949425.65722
2026-02-09T06:00:00+00:00,SOLUSDT,86.37,89252787.0227
2026-02-09T07:00:00+00:00,BTCUSDT,70393.5,355887422.0521
2026-02-09T07:00:00+00:00,ETHUSDT,2064.42,319907735.93765
2026-02-09T07:00:00+00:00,SOLUSDT,85.43,109258740.9745
2026-02-09T08:00:00+00:00,BTCUSDT,69832.2,926354470.9602
2026-02-09T08:00:00+00:00,ETHUSDT,2048.84,780982063.1531
2026-02-09T08:00:00+00:00,SOLUSDT,84.5,163875897.6858
2026-02-09T09:00:00+00:00,BTCUSDT,69588.0,546326521.5897
2026-02-09T09:00:00+00:00,ETHUSDT,2041.34,364848769.76777
2026-02-09T09:00:00+00:00,SOLUSDT,84.27,85088373.052
2026-02-09T10:00:00+00:00,BTCUSDT,68694.0,1370202646.3707
2026-02-09T10:00:00+00:00,ETHUSDT,2021.73,729639929.17974
2026-02-09T10:00:00+00:00,SOLUSDT,83.2,163700599.0983
2026-02-09T11:00:00+00:00,BTCUSDT,68899.9,553059879.3121
2026-02-09T11:00:00+00:00,ETHUSDT,2027.43,424622380.69111
2026-02-09T11:00:00+00:00,SOLUSDT,83.43,68990504.6102
2026-02-09T12:00:00+00:00,BTCUSDT,69109.7,578883547.0485
2026-02-09T12:00:00+00:00,ETHUSDT,2034.59,273894952.283
2026-02-09T12:00:00+00:00,SOLUSDT,84.01,73867774.0498
2026-02-09T13:00:00+00:00,BTCUSDT,68556.9,560862857.0227
2026-02-09T13:00:00+00:00,ETHUSDT,2021.69,473050895.49421
2026-02-09T13:00:00+00:00,SOLUSDT,83.73,75651754.8166
2026-02-09T14:00:00+00:00,BTCUSDT,69232.4,1625710701.5969
2026-02-09T14:00:00+00:00,ETHUSDT,2042.39,1071008425.14699
2026-02-09T14:00:00+00:00,SOLUSDT,84.9,201599096.113
2026-02-09T15:00:00+00:00,BTCUSDT,69528.9,1139011692.5547
2026-02-09T15:00:00+00:00,ETHUSDT,2060.27,1073224710.99592
2026-02-09T15:00:00+00:00,SOLUSDT,85.23,172314882.8273
2026-02-09T16:00:00+00:00,BTCUSDT,70049.1,1040468615.4874
2026-02-09T16:00:00+00:00,ETHUSDT,2090.26,926739344.78904
2026-02-09T16:00:00+00:00,SOLUSDT,86.04,141763527.7714
2026-02-09T17:00:00+00:00,BTCUSDT,70570.6,1107333568.5119
2026-02-09T17:00:00+00:00,ETHUSDT,2126.62,921745788.3631
2026-02-09T17:00:00+00:00,SOLUSDT,87.74,200969586.3588
2026-02-09T18:00:00+00:00,BTCUSDT,70379.9,639446628.6136
2026-02-09T18:00:00+00:00,ETHUSDT,2130.12,756760580.53911
2026-02-09T18:00:00+00:00,SOLUSDT,87.46,183047639.9387
2026-02-09T19:00:00+00:00,BTCUSDT,70912.7,513343450.9474
2026-02-09T19:00:00+00:00,ETHUSDT,2130.56,359739275.71482
2026-02-09T19:00:00+00:00,SOLUSDT,87.9,101777708.8512
2026-02-09T20:00:00+00:00,BTCUSDT,70683.9,562701607.8063
2026-02-09T20:00:00+00:00,ETHUSDT,2123.68,452559585.61871
2026-02-09T20:00:00+00:00,SOLUSDT,87.7,74581483.532
2026-02-09T21:00:00+00:00,BTCUSDT,70362.4,564131659.1586
2026-02-09T21:00:00+00:00,ETHUSDT,2121.22,692288956.50566
2026-02-09T21:00:00+00:00,SOLUSDT,87.27,75550002.6428
2026-02-09T22:00:00+00:00,BTCUSDT,70334.2,258582009.6607
2026-02-09T22:00:00+00:00,ETHUSDT,2114.07,272830282.43087
2026-02-09T22:00:00+00:00,SOLUSDT,87.05,41610266.611
2026-02-09T23:00:00+00:00,BTCUSDT,70110.5,211808602.0959
2026-02-09T23:00:00+00:00,ETHUSDT,2103.96,253458923.17086
2026-02-09T23:00:00+00:00,SOLUSDT,86.71,31381406.3032
2026-02-10T00:00:00+00:00,BTCUSDT,69793.3,352687306.308
2026-02-10T00:00:00+00:00,ETHUSDT,2095.72,196928445.75379
2026-02-10T00:00:00+00:00,SOLUSDT,86.36,37996693.4787
2026-02-10T01:00:00+00:00,BTCUSDT,70454.7,353799223.3523
2026-02-10T01:00:00+00:00,ETHUSDT,2116.3,274481424.28558
2026-02-10T01:00:00+00:00,SOLUSDT,87.22,47981061.7366
2026-02-10T02:00:00+00:00,BTCUSDT,70068.4,247593514.2048
2026-02-10T02:00:00+00:00,ETHUSDT,2107.08,176260162.88496
2026-02-10T02:00:00+00:00,SOLUSDT,86.62,38143810.483
2026-02-10T03:00:00+00:00,BTCUSDT,69473.3,620653373.3977
2026-02-10T03:00:00+00:00,ETHUSDT,2063.7,1015615580.44268
2026-02-10T03:00:00+00:00,SOLUSDT,85.8,105084634.2518
2026-02-10T04:00:00+00:00,BTCUSDT,69800.5,355189607.424
2026-02-10T04:00:00+00:00,ETHUSDT,2069.54,386112998.06083
2026-02-10T04:00:00+00:00,SOLUSDT,86.5,50694327.2955
2026-02-10T05:00:00+00:00,BTCUSDT,69415.3,411377966.9034
2026-02-10T05:00:00+00:00,ETHUSDT,2051.7,437577211.52934
2026-02-10T05:00:00+00:00,SOLUSDT,85.89,52412696.4627
2026-02-10T06:00:00+00:00,BTCUSDT,68872.4,672869491.6278
2026-02-10T06:00:00+00:00,ETHUSDT,2007.65,1513328428.31388
2026-02-10T06:00:00+00:00,SOLUSDT,84.55,118444710.304
2026-02-10T07:00:00+00:00,BTCUSDT,68882.1,423908454.667
2026-02-10T07:00:00+00:00,ETHUSDT,2006.05,607007044.60813
2026-02-10T07:00:00+00:00,SOLUSDT,84.59,82224266.1481
2026-02-10T08:00:00+00:00,BTCUSDT,69091.9,469700194.2733
2026-02-10T08:00:00+00:00,ETHUSDT,2013.42,647530349.06076
2026-02-10T08:00:00+00:00,SOLUSDT,84.59,87825325.8425
2026-02-10T09:00:00+00:00,BTCUSDT,69115.0,430466257.7522
2026-02-10T09:00:00+00:00,ETHUSDT,2015.75,450752005.11508
2026-02-10T09:00:00+00:00,SOLUSDT,84.51,71464908.9351
2026-02-10T10:00:00+00:00,BTCUSDT,68884.8,212988659.7759
2026-02-10T10:00:00+00:00,ETHUSDT,2012.72,205143310.79216
2026-02-10T10:00:00+00:00,SOLUSDT,84.16,39104508.6505
2026-02-10T11:00:00+00:00,BTCUSDT,68489.9,595508642.8284
2026-02-10T11:00:00+00:00,ETHUSDT,2001.87,416280924.46576
2026-02-10T11:00:00+00:00,SOLUSDT,83.79,88290731.3158
2026-02-10T12:00:00+00:00,BTCUSDT,68564.8,435331996.7533
2026-02-10T12:00:00+00:00,ETHUSDT,2006.61,317666072.94228
2026-02-10T12:00:00+00:00,SOLUSDT,83.89,72826577.9579
2026-02-10T13:00:00+00:00,BTCUSDT,68981.9,551926908.9381
2026-02-10T13:00:00+00:00,ETHUSDT,2020.94,536248544.55241
2026-02-10T13:00:00+00:00,SOLUSDT,84.59,91861917.967
2026-02-10T14:00:00+00:00,BTCUSDT,68426.3,1901977472.2636
2026-02-10T14:00:00+00:00,ETHUSDT,2008.31,1233368955.76469
2026-02-10T14:00:00+00:00,SOLUSDT,83.66,233759069.5895
2026-02-10T15:00:00+00:00,BTCUSDT,69251.5,1315030098.2601
2026-02-10T15:00:00+00:00,ETHUSDT,2021.32,725783324.84164
2026-02-10T15:00:00+00:00,SOLUSDT,84.24,149388054.1195
2026-02-10T16:00:00+00:00,BTCUSDT,69473.5,756088315.3047
2026-02-10T16:00:00+00:00,ETHUSDT,2024.88,533962117.74717
2026-02-10T16:00:00+00:00,SOLUSDT,84.42,104545275.3387
2026-02-10T17:00:00+00:00,BTCUSDT,69886.6,557895230.9232
2026-02-10T17:00:00+00:00,ETHUSDT,2038.87,387763327.19933
2026-02-10T17:00:00+00:00,SOLUSDT,84.87,72511911.2364
2026-02-10T18:00:00+00:00,BTCUSDT,68860.0,691940189.6429
2026-02-10T18:00:00+00:00,ETHUSDT,2008.28,591796494.20205
2026-02-10T18:00:00+00:00,SOLUSDT,82.89,131524927.0316
2026-02-10T19:00:00+00:00,BTCUSDT,69031.4,401445745.3405
2026-02-10T19:00:00+00:00,ETHUSDT,2016.82,254572011.34121
2026-02-10T19:00:00+00:00,SOLUSDT,83.05,87160984.7326
2026-02-10T20:00:00+00:00,BTCUSDT,68719.2,307208022.6574
2026-02-10T20:00:00+00:00,ETHUSDT,2010.35,225722223.46747
2026-02-10T20:00:00+00:00,SOLUSDT,82.6,84182818.4389
2026-02-10T21:00:00+00:00,BTCUSDT,68623.3,311951587.3172
2026-02-10T21:00:00+00:00,ETHUSDT,2007.27,213744425.90461
2026-02-10T21:00:00+00:00,SOLUSDT,82.41,67212970.1243
2026-02-10T22:00:00+00:00,BTCUSDT,68662.7,174143320.0956
2026-02-10T22:00:00+00:00,ETHUSDT,2016.76,139274448.70433
2026-02-10T22:00:00+00:00,SOLUSDT,82.55,38782604.4507
2026-02-10T23:00:00+00:00,BTCUSDT,68805.3,150348509.1246
2026-02-10T23:00:00+00:00,ETHUSDT,2021.51,115674152.78744
2026-02-10T23:00:00+00:00,SOLUSDT,82.95,41217348.0647
2026-02-11T00:00:00+00:00,BTCUSDT,69156.8,272572292.1285
2026-02-11T00:00:00+00:00,ETHUSDT,2023.98,165698010.94495
2026-02-11T00:00:00+00:00,SOLUSDT,83.42,53566416.769
2026-02-11T01:00:00+00:00,BTCUSDT,68947.5,184481498.509
2026-02-11T01:00:00+00:00,ETHUSDT,2023.17,173608195.34498
2026-02-11T01:00:00+00:00,SOLUSDT,83.73,33155306.2003
2026-02-11T02:00:00+00:00,BTCUSDT,68641.3,269713582.4831
2026-02-11T02:00:00+00:00,ETHUSDT,2016.53,190651315.1493
2026-02-11T02:00:00+00:00,SOLUSDT,83.49,61330302.9227
2026-02-11T03:00:00+00:00,BTCUSDT,68143.6,587563415.4812
2026-02-11T03:00:00+00:00,ETHUSDT,2008.41,424388405.70858
2026-02-11T03:00:00+00:00,SOLUSDT,83.28,85664342.9155
2026-02-11T04:00:00+00:00,BTCUSDT,67548.8,915307616.294
2026-02-11T04:00:00+00:00,ETHUSDT,1970.63,1043268873.65678
2026-02-11T04:00:00+00:00,SOLUSDT,81.92,121994298.6381
2026-02-11T05:00:00+00:00,BTCUSDT,67367.8,375508239.0137
2026-02-11T05:00:00+00:00,ETHUSDT,1973.3,280971146.1497
2026-02-11T05:00:00+00:00,SOLUSDT,81.85,52935162.5268
2026-02-11T06:00:00+00:00,BTCUSDT,66788.0,1061057394.5628
2026-02-11T06:00:00+00:00,ETHUSDT,1947.78,1150474187.3252
2026-02-11T06:00:00+00:00,SOLUSDT,80.82,178290511.3608
2026-02-11T07:00:00+00:00,BTCUSDT,67000.0,548025776.3753
2026-02-11T07:00:00+00:00,ETHUSDT,1949.56,365366483.55237
2026-02-11T07:00:00+00:00,SOLUSDT,80.96,102005718.4305
2026-02-11T08:00:00+00:00,BTCUSDT,66950.3,347639777.6125
2026-02-11T08:00:00+00:00,ETHUSDT,1948.76,423360211.43189
2026-02-11T08:00:00+00:00,SOLUSDT,81.04,59611281.667
2026-02-11T09:00:00+00:00,BTCUSDT,66848.6,275454452.7019
2026-02-11T09:00:00+00:00,ETHUSDT,1945.63,208734613.45869
2026-02-11T09:00:00+00:00,SOLUSDT,80.76,61770457.5856
2026-02-11T10:00:00+00:00,BTCUSDT,66506.0,589291803.1196
2026-02-11T10:00:00+00:00,ETHUSDT,1938.27,405300227.50497
2026-02-11T10:00:00+00:00,SOLUSDT,80.67,74432335.3341
2026-02-11T11:00:00+00:00,BTCUSDT,67023.0,472880814.9464
2026-02-11T11:00:00+00:00,ETHUSDT,1952.33,344888265.20683
2026-02-11T11:00:00+00:00,SOLUSDT,81.21,87473263.7136
2026-02-11T12:00:00+00:00,BTCUSDT,67099.2,605612922.629
2026-02-11T12:00:00+00:00,ETHUSDT,1951.21,441512045.03836
2026-02-11T12:00:00+00:00,SOLUSDT,81.13,78550370.4784
2026-02-11T13:00:00+00:00,BTCUSDT,67424.2,1127223673.4294
2026-02-11T13:00:00+00:00,ETHUSDT,1959.43,679012563.44226
2026-02-11T13:00:00+00:00,SOLUSDT,81.61,149644099.6274
2026-02-11T14:00:00+00:00,BTCUSDT,66559.9,2677194904.5171
2026-02-11T14:00:00+00:00,ETHUSDT,1942.31,2079368460.58886
2026-02-11T14:00:00+00:00,SOLUSDT,79.91,356429091.8837
2026-02-11T15:00:00+00:00,BTCUSDT,66489.3,1937023688.6002
2026-02-11T15:00:00+00:00,ETHUSDT,1928.05,1501762170.53086
2026-02-11T15:00:00+00:00,SOLUSDT,79.65,293503379.7466
2026-02-11T16:00:00+00:00,BTCUSDT,66008.0,1123544440.8147
2026-02-11T16:00:00+00:00,ETHUSDT,1914.44,952665334.92259
2026-02-11T16:00:00+00:00,SOLUSDT,78.68,175989886.8188
2026-02-11T17:00:00+00:00,BTCUSDT,66489.1,740716640.897
2026-02-11T17:00:00+00:00,ETHUSDT,1928.92,649635959.68514
2026-02-11T17:00:00+00:00,SOLUSDT,78.96,176490809.4073
2026-02-11T18:00:00+00:00,BTCUSDT,67239.2,586406148.6817
2026-02-11T18:00:00+00:00,ETHUSDT,1943.3,476772276.54056
2026-02-11T18:00:00+00:00,SOLUSDT,79.76,108127661.8086
2026-02-11T19:00:00+00:00,BTCUSDT,67547.7,721773830.6509
2026-02-11T19:00:00+00:00,ETHUSDT,1951.26,434435854.27121
2026-02-11T19:00:00+00:00,SOLUSDT,79.67,88812337.6368
2026-02-11T20:00:00+00:00,BTCUSDT,67523.2,360628853.7816
2026-02-11T20:00:00+00:00,ETHUSDT,1953.26,255158312.85134
2026-02-11T20:00:00+00:00,SOLUSDT,79.59,71981729.3932
2026-02-11T21:00:00+00:00,BTCUSDT,67780.6,701640740.7566
2026-02-11T21:00:00+00:00,ETHUSDT,1969.39,502485442.87114
2026-02-11T21:00:00+00:00,SOLUSDT,80.09,117014750.1012
2026-02-11T22:00:00+00:00,BTCUSDT,67392.0,272136637.3296
2026-02-11T22:00:00+00:00,ETHUSDT,1950.29,248974186.03703
2026-02-11T22:00:00+00:00,SOLUSDT,79.44,43821569.3441
2026-02-11T23:00:00+00:00,BTCUSDT,67054.4,491764358.6951
2026-02-11T23:00:00+00:00,ETHUSDT,1940.07,297470759.71644
2026-02-11T23:00:00+00:00,SOLUSDT,79.25,82018200.5859
2026-02-12T00:00:00+00:00,BTCUSDT,67431.6,412347658.0648
2026-02-12T00:00:00+00:00,ETHUSDT,1957.67,248883502.21531
2026-02-12T00:00:00+00:00,SOLUSDT,79.92,46692861.1899
2026-02-12T01:00:00+00:00,BTCUSDT,67668.4,413328332.1968
2026-02-12T01:00:00+00:00,ETHUSDT,1964.67,289478089.31227
2026-02-12T01:00:00+00:00,SOLUSDT,80.37,61339858.4166
2026-02-12T02:00:00+00:00,BTCUSDT,67408.3,282479041.2221
2026-02-12T02:00:00+00:00,ETHUSDT,1957.82,248426054.37158
2026-02-12T02:00:00+00:00,SOLUSDT,80.28,44381334.4207
2026-02-12T03:00:00+00:00,BTCUSDT,67550.2,183634938.4428
2026-02-12T03:00:00+00:00,ETHUSDT,1967.75,136502670.72661
2026-02-12T03:00:00+00:00,SOLUSDT,80.56,28475357.8043
2026-02-12T04:00:00+00:00,BTCUSDT,66989.9,405506439.8691
2026-02-12T04:00:00+00:00,ETHUSDT,1964.78,316660390.83784
2026-02-12T04:00:00+00:00,SOLUSDT,80.26,62509428.4991
2026-02-12T05:00:00+00:00,BTCUSDT,67110.1,378815342.3938
2026-02-12T05:00:00+00:00,ETHUSDT,1969.8,279922471.76953
2026-02-12T05:00:00+00:00,SOLUSDT,80.53,86144113.7875
2026-02-12T06:00:00+00:00,BTCUSDT,67096.1,211320836.4683
2026-02-12T06:00:00+00:00,ETHUSDT,1974.18,276366939.7215
2026-02-12T06:00:00+00:00,SOLUSDT,80.53,50658208.6884
2026-02-12T07:00:00+00:00,BTCUSDT,67181.5,210516411.6877
2026-02-12T07:00:00+00:00,ETHUSDT,1966.97,180753331.34365
2026-02-12T07:00:00+00:00,SOLUSDT,80.72,41164811.6249
2026-02-12T08:00:00+00:00,BTCUSDT,67107.3,237079964.3396
2026-02-12T08:00:00+00:00,ETHUSDT,1964.59,297520038.21159
2026-02-12T08:00:00+00:00,SOLUSDT,80.7,41329815.7304
2026-02-12T09:00:00+00:00,BTCUSDT,67517.7,357833023.6252
2026-02-12T09:00:00+00:00,ETHUSDT,1981.31,439667943.84018
2026-02-12T09:00:00+00:00,SOLUSDT,81.74,125722255.2309
2026-02-12T10:00:00+00:00,BTCUSDT,67979.5,383866594.8293
2026-02-12T10:00:00+00:00,ETHUSDT,1993.04,398065126.13267
2026-02-12T10:00:00+00:00,SOLUSDT,82.12,76681834.8748
2026-02-12T11:00:00+00:00,BTCUSDT,68031.8,624810928.6745
2026-02-12T11:00:00+00:00,ETHUSDT,1987.88,411519480.9769
2026-02-12T11:00:00+00:00,SOLUSDT,81.8,63772293.7852
2026-02-12T12:00:00+00:00,BTCUSDT,67832.4,423701193.7595
2026-02-12T12:00:00+00:00,ETHUSDT,1979.84,344304524.57231
2026-02-12T12:00:00+00:00,SOLUSDT,81.03,81225324.6624
2026-02-12T13:00:00+00:00,BTCUSDT,68339.9,583136407.1295
2026-02-12T13:00:00+00:00,ETHUSDT,1993.96,334150249.60533
2026-02-12T13:00:00+00:00,SOLUSDT,81.9,106124670.6729
2026-02-12T14:00:00+00:00,BTCUSDT,67547.5,866081833.2961
2026-02-12T14:00:00+00:00,ETHUSDT,1977.64,521437835.12275
2026-02-12T14:00:00+00:00,SOLUSDT,81.09,105806881.2767
2026-02-12T15:00:00+00:00,BTCUSDT,67107.0,1182205547.3423
2026-02-12T15:00:00+00:00,ETHUSDT,1947.47,1030949550.43
2026-02-12T15:00:00+00:00,SOLUSDT,80.06,162387222.1669
2026-02-12T16:00:00+00:00,BTCUSDT,65825.7,2151885816.6641
2026-02-12T16:00:00+00:00,ETHUSDT,1907.82,1867266817.32523
2026-02-12T16:00:00+00:00,SOLUSDT,78.27,286660607.4953
2026-02-12T17:00:00+00:00,BTCUSDT,65383.9,1108283471.847
2026-02-12T17:00:00+00:00,ETHUSDT,1909.08,705591614.19953
2026-02-12T17:00:00+00:00,SOLUSDT,77.86,185330671.3762
2026-02-12T18:00:00+00:00,BTCUSDT,65559.4,830825218.647
2026-02-12T18:00:00+00:00,ETHUSDT,1917.49,529398698.45877
2026-02-12T18:00:00+00:00,SOLUSDT,77.56,144687472.0637
2026-02-12T19:00:00+00:00,BTCUSDT,65760.7,589468938.3144
2026-02-12T19:00:00+00:00,ETHUSDT,1924.36,430776292.69416
2026-02-12T19:00:00+00:00,SOLUSDT,77.57,149086547.0744
2026-02-12T20:00:00+00:00,BTCUSDT,65401.0,470687292.023
2026-02-12T20:00:00+00:00,ETHUSDT,1914.58,259713019.40803
2026-02-12T20:00:00+00:00,SOLUSDT,76.86,123678886.8575
2026-02-12T21:00:00+00:00,BTCUSDT,65821.8,262219231.9073
2026-02-12T21:00:00+00:00,ETHUSDT,1922.26,135291980.18291
2026-02-12T21:00:00+00:00,SOLUSDT,77.29,55468360.1025
2026-02-12T22:00:00+00:00,BTCUSDT,66262.4,405911098.3096
2026-02-12T22:00:00+00:00,ETHUSDT,1941.94,252816495.48125
2026-02-12T22:00:00+00:00,SOLUSDT,78.05,60338042.5312
2026-02-12T23:00:00+00:00,BTCUSDT,66243.1,382345279.2365
2026-02-12T23:00:00+00:00,ETHUSDT,1947.15,296318671.7014
2026-02-12T23:00:00+00:00,SOLUSDT,78.37,78306697.6036
2026-02-13T00:00:00+00:00,BTCUSDT,65881.4,386268941.5382
2026-02-13T00:00:00+00:00,ETHUSDT,1932.22,318330468.92247
2026-02-13T00:00:00+00:00,SOLUSDT,77.99,72303277.5177
2026-02-13T01:00:00+00:00,BTCUSDT,66423.4,317235086.5903
2026-02-13T01:00:00+00:00,ETHUSDT,1942.8,199895661.8695
2026-02-13T01:00:00+00:00,SOLUSDT,78.56,59534625.1011
2026-02-13T02:00:00+00:00,BTCUSDT,66627.9,236556059.215
2026-02-13T02:00:00+00:00,ETHUSDT,1947.25,184667969.47538
2026-02-13T02:00:00+00:00,SOLUSDT,79.09,60102915.1371
2026-02-13T03:00:00+00:00,BTCUSDT,66519.6,257568809.3321
2026-02-13T03:00:00+00:00,ETHUSDT,1952.49,210971800.75088
2026-02-13T03:00:00+00:00,SOLUSDT,79.0,46286013.2826
2026-02-13T04:00:00+00:00,BTCUSDT,66299.9,208825198.237
2026-02-13T04:00:00+00:00,ETHUSDT,1943.72,203278981.16225
2026-02-13T04:00:00+00:00,SOLUSDT,78.47,42759781.9266
2026-02-13T05:00:00+00:00,BTCUSDT,66151.5,219971566.7486
2026-02-13T05:00:00+00:00,ETHUSDT,1932.99,233829684.09787
2026-02-13T05:00:00+00:00,SOLUSDT,78.25,45245676.6919
2026-02-13T06:00:00+00:00,BTCUSDT,66333.7,262263533.7219
2026-02-13T06:00:00+00:00,ETHUSDT,1935.65,264174692.73089
2026-02-13T06:00:00+00:00,SOLUSDT,78.58,55476566.3402
2026-02-13T07:00:00+00:00,BTCUSDT,66183.3,354925122.5969
2026-02-13T07:00:00+00:00,ETHUSDT,1934.88,315480747.57529
2026-02-13T07:00:00+00:00,SOLUSDT,78.93,69263116.2252
2026-02-13T08:00:00+00:00,BTCUSDT,66673.0,338900737.0102
2026-02-13T08:00:00+00:00,ETHUSDT,1958.31,361298785.1507
2026-02-13T08:00:00+00:00,SOLUSDT,79.67,70251818.6427
2026-02-13T09:00:00+00:00,BTCUSDT,66924.3,463520550.7965
2026-02-13T09:00:00+00:00,ETHUSDT,1961.18,306028952.23442
2026-02-13T09:00:00+00:00,SOLUSDT,79.82,54672972.194
2026-02-13T10:00:00+00:00,BTCUSDT,66939.4,368059350.446
2026-02-13T10:00:00+00:00,ETHUSDT,1958.6,261559144.14587
2026-02-13T10:00:00+00:00,SOLUSDT,80.29,111972943.9671
2026-02-13T11:00:00+00:00,BTCUSDT,67137.8,356370975.5698
2026-02-13T11:00:00+00:00,ETHUSDT,1959.25,290540594.25982
2026-02-13T11:00:00+00:00,SOLUSDT,80.26,63936099.5477
2026-02-13T12:00:00+00:00,BTCUSDT,67050.0,255213908.9572
2026-02-13T12:00:00+00:00,ETHUSDT,1960.01,181384194.03081
2026-02-13T12:00:00+00:00,SOLUSDT,79.92,34838635.1155
2026-02-13T13:00:00+00:00,BTCUSDT,67238.2,865288609.9399
2026-02-13T13:00:00+00:00,ETHUSDT,1969.66,604274916.25048
2026-02-13T13:00:00+00:00,SOLUSDT,80.23,116625016.9895
2026-02-13T14:00:00+00:00,BTCUSDT,67709.5,1361059707.3151
2026-02-13T14:00:00+00:00,ETHUSDT,1989.99,1070050693.99776
2026-02-13T14:00:00+00:00,SOLUSDT,81.3,212566823.1979
2026-02-13T15:00:00+00:00,BTCUSDT,68652.0,2373783869.7043
2026-02-13T15:00:00+00:00,ETHUSDT,2033.71,1775605120.00394
2026-02-13T15:00:00+00:00,SOLUSDT,83.16,320228012.2848
2026-02-13T16:00:00+00:00,BTCUSDT,68920.8,1223876365.937
2026-02-13T16:00:00+00:00,ETHUSDT,2060.59,1074119290.78508
2026-02-13T16:00:00+00:00,SOLUSDT,84.17,185073324.678
2026-02-13T17:00:00+00:00,BTCUSDT,69003.9,568830467.9203
2026-02-13T17:00:00+00:00,ETHUSDT,2058.36,407666086.26618
2026-02-13T17:00:00+00:00,SOLUSDT,84.29,113453296.4327
2026-02-13T18:00:00+00:00,BTCUSDT,69086.7,510264255.3167
2026-02-13T18:00:00+00:00,ETHUSDT,2056.5,321153229.24831
2026-02-13T18:00:00+00:00,SOLUSDT,85.35,142036207.5793
2026-02-13T19:00:00+00:00,BTCUSDT,68904.2,331087847.7349
2026-02-13T19:00:00+00:00,ETHUSDT,2056.82,215611716.57398
2026-02-13T19:00:00+00:00,SOLUSDT,84.6,81386700.4981
2026-02-13T20:00:00+00:00,BTCUSDT,68750.1,409599688.7684
2026-02-13T20:00:00+00:00,ETHUSDT,2044.55,308080886.01287
2026-02-13T20:00:00+00:00,SOLUSDT,84.72,93449503.268
2026-02-13T21:00:00+00:00,BTCUSDT,68869.2,308268816.418
2026-02-13T21:00:00+00:00,ETHUSDT,2052.92,139304954.25813
2026-02-13T21:00:00+00:00,SOLUSDT,84.8,56232784.8995
2026-02-13T22:00:00+00:00,BTCUSDT,68968.9,243347107.3051
2026-02-13T22:00:00+00:00,ETHUSDT,2053.37,157636576.18424
2026-02-13T22:00:00+00:00,SOLUSDT,84.62,28366136.5617
2026-02-13T23:00:00+00:00,BTCUSDT,68821.5,190015818.161
2026-02-13T23:00:00+00:00,ETHUSDT,2047.6,94053365.65296
2026-02-13T23:00:00+00:00,SOLUSDT,84.29,35347335.8204
2026-02-14T00:00:00+00:00,BTCUSDT,69062.2,234423125.9517
2026-02-14T00:00:00+00:00,ETHUSDT,2054.07,150087429.56143
2026-02-14T00:00:00+00:00,SOLUSDT,84.88,54816027.8352
2026-02-14T01:00:00+00:00,BTCUSDT,68932.0,192524602.6464
2026-02-14T01:00:00+00:00,ETHUSDT,2053.37,91265962.01018
2026-02-14T01:00:00+00:00,SOLUSDT,84.94,35331959.7578
2026-02-14T02:00:00+00:00,BTCUSDT,68849.2,148122792.8248
2026-02-14T02:00:00+00:00,ETHUSDT,2049.46,98013683.99054
2026-02-14T02:00:00+00:00,SOLUSDT,84.85,28960632.0281
2026-02-14T03:00:00+00:00,BTCUSDT,68947.7,89623612.884
2026-02-14T03:00:00+00:00,ETHUSDT,2053.39,72665577.31489
2026-02-14T03:00:00+00:00,SOLUSDT,85.0,29561273.6186
2026-02-14T04:00:00+00:00,BTCUSDT,68763.6,104955703.4434
2026-02-14T04:00:00+00:00,ETHUSDT,2052.55,82908877.00913
2026-02-14T04:00:00+00:00,SOLUSDT,84.76,21710313.6479
2026-02-14T05:00:00+00:00,BTCUSDT,68738.1,118406697.8752
2026-02-14T05:00:00+00:00,ETHUSDT,2050.09,90097984.64351
2026-02-14T05:00:00+00:00,SOLUSDT,84.57,21031818.4943
2026-02-14T06:00:00+00:00,BTCUSDT,68895.3,114828113.1576
2026-02-14T06:00:00+00:00,ETHUSDT,2052.61,87993249.40701
2026-02-14T06:00:00+00:00,SOLUSDT,84.79,35390352.3524
2026-02-14T07:00:00+00:00,BTCUSDT,69182.2,291076914.5879
2026-02-14T07:00:00+00:00,ETHUSDT,2056.1,130311008.31999
2026-02-14T07:00:00+00:00,SOLUSDT,85.12,32831139.0391
2026-02-14T08:00:00+00:00,BTCUSDT,69707.3,627120263.1666
2026-02-14T08:00:00+00:00,ETHUSDT,2081.07,671563417.39965
2026-02-14T08:00:00+00:00,SOLUSDT,86.15,130641909.3881
2026-02-14T09:00:00+00:00,BTCUSDT,69675.6,253976635.573
2026-02-14T09:00:00+00:00,ETHUSDT,2077.26,262061957.80953
2026-02-14T09:00:00+00:00,SOLUSDT,85.95,63551938.7926
2026-02-14T10:00:00+00:00,BTCUSDT,69633.8,126301039.551
2026-02-14T10:00:00+00:00,ETHUSDT,2076.06,115374046.08708
2026-02-14T10:00:00+00:00,SOLUSDT,85.76,30694612.2393
2026-02-14T11:00:00+00:00,BTCUSDT,70464.8,908979114.5039
2026-02-14T11:00:00+00:00,ETHUSDT,2098.22,586666423.10098
2026-02-14T11:00:00+00:00,SOLUSDT,87.22,149916915.734
2026-02-14T12:00:00+00:00,BTCUSDT,69602.2,918430679.2858
2026-02-14T12:00:00+00:00,ETHUSDT,2070.0,575923137.48972
2026-02-14T12:00:00+00:00,SOLUSDT,86.36,103725642.4545
2026-02-14T13:00:00+00:00,BTCUSDT,69430.1,848857132.6235
2026-02-14T13:00:00+00:00,ETHUSDT,2070.7,370767485.80433
2026-02-14T13:00:00+00:00,SOLUSDT,86.39,98365945.222
2026-02-14T14:00:00+00:00,BTCUSDT,69667.3,417856086.6703
2026-02-14T14:00:00+00:00,ETHUSDT,2084.01,270205635.44392
2026-02-14T14:00:00+00:00,SOLUSDT,87.2,91794877.9882
2026-02-14T15:00:00+00:00,BTCUSDT,69754.2,350294745.8843
2026-02-14T15:00:00+00:00,ETHUSDT,2086.38,247752583.40046
2026-02-14T15:00:00+00:00,SOLUSDT,87.38,76715473.0726
2026-02-14T16:00:00+00:00,BTCUSDT,69731.3,525574959.0646
2026-02-14T16:00:00+00:00,ETHUSDT,2081.81,386949364.93035
2026-02-14T16:00:00+00:00,SOLUSDT,88.04,140048018.5487
2026-02-14T17:00:00+00:00,BTCUSDT,69710.9,272629128.4632
2026-02-14T17:00:00+00:00,ETHUSDT,2079.26,186396516.23478
2026-02-14T17:00:00+00:00,SOLUSDT,87.97,79299840.5834
2026-02-14T18:00:00+00:00,BTCUSDT,69741.0,152608757.0328
2026-02-14T18:00:00+00:00,ETHUSDT,2084.41,96978399.64519
2026-02-14T18:00:00+00:00,SOLUSDT,87.95,49764744.1941
2026-02-14T19:00:00+00:00,BTCUSDT,69849.0,160348489.6314
2026-02-14T19:00:00+00:00,ETHUSDT,2087.31,129802232.17762
2026-02-14T19:00:00+00:00,SOLUSDT,88.13,46692543.6421
2026-02-14T20:00:00+00:00,BTCUSDT,69987.4,237831057.3754
2026-02-14T20:00:00+00:00,ETHUSDT,2088.56,116917114.90901
2026-02-14T20:00:00+00:00,SOLUSDT,88.08,57744773.1524
2026-02-14T21:00:00+00:00,BTCUSDT,69896.4,420180024.2694
2026-02-14T21:00:00+00:00,ETHUSDT,2084.79,257355702.14503
2026-02-14T21:00:00+00:00,SOLUSDT,88.0,93686610.4344
2026-02-14T22:00:00+00:00,BTCUSDT,69927.3,202695844.4015
2026-02-14T22:00:00+00:00,ETHUSDT,2089.34,93269981.41218
2026-02-14T22:00:00+00:00,SOLUSDT,88.44,63576731.4888
2026-02-14T23:00:00+00:00,BTCUSDT,69795.4,258288673.2864
2026-02-14T23:00:00+00:00,ETHUSDT,2085.43,128580664.97461
2026-02-14T23:00:00+00:00,SOLUSDT,88.02,52248597.0838
2026-02-15T00:00:00+00:00,BTCUSDT,69743.4,225685486.4385
2026-02-15T00:00:00+00:00,ETHUSDT,2079.03,219785529.17723
2026-02-15T00:00:00+00:00,SOLUSDT,88.14,57968001.162
2026-02-15T01:00:00+00:00,BTCUSDT,69684.9,322542190.2432
2026-02-15T01:00:00+00:00,ETHUSDT,2062.9,480200766.87974
2026-02-15T01:00:00+00:00,SOLUSDT,88.24,72318073.55
2026-02-15T02:00:00+00:00,BTCUSDT,69450.6,194249730.9963
2026-02-15T02:00:00+00:00,ETHUSDT,2058.7,386211163.32605
2026-02-15T02:00:00+00:00,SOLUSDT,87.96,61159849.0273
2026-02-15T03:00:00+00:00,BTCUSDT,69926.0,550100517.1244
2026-02-15T03:00:00+00:00,ETHUSDT,2058.09,640170782.74436
2026-02-15T03:00:00+00:00,SOLUSDT,88.56,83426028.5728
2026-02-15T04:00:00+00:00,BTCUSDT,70157.0,778568543.6062
2026-02-15T04:00:00+00:00,ETHUSDT,2075.72,590501729.81507
2026-02-15T04:00:00+00:00,SOLUSDT,88.74,189587757.1564
2026-02-15T05:00:00+00:00,BTCUSDT,70235.9,250507387.0785
2026-02-15T05:00:00+00:00,ETHUSDT,2087.64,270099205.31976
2026-02-15T05:00:00+00:00,SOLUSDT,89.61,94048949.5949
2026-02-15T06:00:00+00:00,BTCUSDT,70370.2,244083548.9479
2026-02-15T06:00:00+00:00,ETHUSDT,2084.92,180389675.58894
2026-02-15T06:00:00+00:00,SOLUSDT,89.54,81985349.7666
2026-02-15T07:00:00+00:00,BTCUSDT,70784.0,574204763.5365
2026-02-15T07:00:00+00:00,ETHUSDT,2090.58,348210170.58307
2026-02-15T07:00:00+00:00,SOLUSDT,90.68,119717259.6811
2026-02-15T08:00:00+00:00,BTCUSDT,70405.1,647375873.8202
2026-02-15T08:00:00+00:00,ETHUSDT,2068.0,532211012.20481
2026-02-15T08:00:00+00:00,SOLUSDT,89.6,173642831.8656
2026-02-15T09:00:00+00:00,BTCUSDT,70382.5,213691471.1306
2026-02-15T09:00:00+00:00,ETHUSDT,2067.81,228035376.04935
2026-02-15T09:00:00+00:00,SOLUSDT,89.93,77012077.102
2026-02-15T10:00:00+00:00,BTCUSDT,70389.5,219392227.734
2026-02-15T10:00:00+00:00,ETHUSDT,2060.56,264099160.47708
2026-02-15T10:00:00+00:00,SOLUSDT,89.47,74499313.8125
2026-02-15T11:00:00+00:00,BTCUSDT,70268.7,209569808.0768
2026-02-15T11:00:00+00:00,ETHUSDT,2060.97,114095044.74306
2026-02-15T11:00:00+00:00,SOLUSDT,89.13,53486524.6869
2026-02-15T12:00:00+00:00,BTCUSDT,69284.9,921056866.4549
2026-02-15T12:00:00+00:00,ETHUSDT,2009.78,782670736.33821
2026-02-15T12:00:00+00:00,SOLUSDT,87.27,194396497.6246
2026-02-15T13:00:00+00:00,BTCUSDT,68907.2,1186048272.6498
2026-02-15T13:00:00+00:00,ETHUSDT,2001.2,1140753263.94485
2026-02-15T13:00:00+00:00,SOLUSDT,86.93,205770787.5441
2026-02-15T14:00:00+00:00,BTCUSDT,69140.0,473534440.4453
2026-02-15T14:00:00+00:00,ETHUSDT,2009.24,454477138.20258
2026-02-15T14:00:00+00:00,SOLUSDT,87.31,105852652.1545
2026-02-15T15:00:00+00:00,BTCUSDT,69068.1,316893908.8691
2026-02-15T15:00:00+00:00,ETHUSDT,2010.25,252113152.12522
2026-02-15T15:00:00+00:00,SOLUSDT,87.36,71593379.8945
2026-02-15T16:00:00+00:00,BTCUSDT,68977.6,295040821.6933
2026-02-15T16:00:00+00:00,ETHUSDT,2005.36,309016183.80799
2026-02-15T16:00:00+00:00,SOLUSDT,87.51,85665938.3355
2026-02-15T17:00:00+00:00,BTCUSDT,68607.8,700769314.482
2026-02-15T17:00:00+00:00,ETHUSDT,1970.13,868008504.82181
2026-02-15T17:00:00+00:00,SOLUSDT,86.37,168203571.6306
2026-02-15T18:00:00+00:00,BTCUSDT,68420.0,489882246.3858
2026-02-15T18:00:00+00:00,ETHUSDT,1958.51,602142806.16244
2026-02-15T18:00:00+00:00,SOLUSDT,86.17,102699362.2352
2026-02-15T19:00:00+00:00,BTCUSDT,68263.6,610042139.8493
2026-02-15T19:00:00+00:00,ETHUSDT,1941.17,815643336.19636
2026-02-15T19:00:00+00:00,SOLUSDT,85.29,134775908.4859
2026-02-15T20:00:00+00:00,BTCUSDT,68420.1,187321234.6159
2026-02-15T20:00:00+00:00,ETHUSDT,1949.1,363259850.41164
2026-02-15T20:00:00+00:00,SOLUSDT,85.81,83726344.9256
2026-02-15T21:00:00+00:00,BTCUSDT,68809.0,314313318.6373
2026-02-15T21:00:00+00:00,ETHUSDT,1957.16,248992461.83976
2026-02-15T21:00:00+00:00,SOLUSDT,86.11,69106852.3763
2026-02-15T22:00:00+00:00,BTCUSDT,68962.2,205915424.3464
2026-02-15T22:00:00+00:00,ETHUSDT,1969.41,191912842.33054
2026-02-15T22:00:00+00:00,SOLUSDT,86.31,47080709.7304
2026-02-15T23:00:00+00:00,BTCUSDT,68796.9,373190590.7476
2026-02-15T23:00:00+00:00,ETHUSDT,1965.47,334145968.66587
2026-02-15T23:00:00+00:00,SOLUSDT,86.09,88918579.5447
2026-02-16T00:00:00+00:00,BTCUSDT,68810.4,240252811.9496
2026-02-16T00:00:00+00:00,ETHUSDT,1968.31,278493916.20306
2026-02-16T00:00:00+00:00,SOLUSDT,86.12,53284730.6691
2026-02-16T01:00:00+00:00,BTCUSDT,68590.8,221926653.8258
2026-02-16T01:00:00+00:00,ETHUSDT,1961.96,287584261.92971
2026-02-16T01:00:00+00:00,SOLUSDT,85.72,69204799.7958
2026-02-16T02:00:00+00:00,BTCUSDT,68295.1,234874750.7743
2026-02-16T02:00:00+00:00,ETHUSDT,1956.07,188832652.23406
2026-02-16T02:00:00+00:00,SOLUSDT,85.34,58405022.9568
2026-02-16T03:00:00+00:00,BTCUSDT,68392.6,224120170.497
2026-02-16T03:00:00+00:00,ETHUSDT,1957.72,221820194.67391
2026-02-16T03:00:00+00:00,SOLUSDT,85.11,60759968.0513
2026-02-16T04:00:00+00:00,BTCUSDT,68832.4,244492515.1797
2026-02-16T04:00:00+00:00,ETHUSDT,1971.94,210263990.10931
2026-02-16T04:00:00+00:00,SOLUSDT,85.75,47050178.1871
2026-02-16T05:00:00+00:00,BTCUSDT,68350.1,207820128.774
2026-02-16T05:00:00+00:00,ETHUSDT,1956.93,186665271.40072
2026-02-16T05:00:00+00:00,SOLUSDT,84.65,77614087.1366
2026-02-16T06:00:00+00:00,BTCUSDT,68414.8,159704405.2878
2026-02-16T06:00:00+00:00,ETHUSDT,1965.73,124112967.53406
2026-02-16T06:00:00+00:00,SOLUSDT,85.0,46787508.1932
2026-02-16T07:00:00+00:00,BTCUSDT,68552.4,232255688.5094
2026-02-16T07:00:00+00:00,ETHUSDT,1970.12,261722835.9479
2026-02-16T07:00:00+00:00,SOLUSDT,85.01,45744022.4559
2026-02-16T08:00:00+00:00,BTCUSDT,68724.5,189354799.8416
2026-02-16T08:00:00+00:00,ETHUSDT,1976.11,148294029.30356
2026-02-16T08:00:00+00:00,SOLUSDT,85.32,50341952.0112
2026-02-16T09:00:00+00:00,BTCUSDT,68961.1,302359802.2893
2026-02-16T09:00:00+00:00,ETHUSDT,1986.51,419987413.55022
2026-02-16T09:00:00+00:00,SOLUSDT,85.93,77622723.0314
2026-02-16T10:00:00+00:00,BTCUSDT,68762.0,165749645.0655
2026-02-16T10:00:00+00:00,ETHUSDT,1977.98,178168005.54549
2026-02-16T10:00:00+00:00,SOLUSDT,85.69,39534433.6924
2026-02-16T11:00:00+00:00,BTCUSDT,68769.4,431448138.2099
2026-02-16T11:00:00+00:00,ETHUSDT,1975.15,505873037.69627
2026-02-16T11:00:00+00:00,SOLUSDT,85.46,100555025.0798
2026-02-16T12:00:00+00:00,BTCUSDT,69739.3,1041617307.6655
2026-02-16T12:00:00+00:00,ETHUSDT,2005.59,660198115.08174
2026-02-16T12:00:00+00:00,SOLUSDT,86.13,137715907.5268
2026-02-16T13:00:00+00:00,BTCUSDT,68355.6,1748419789.0926
2026-02-16T13:00:00+00:00,ETHUSDT,1966.77,1314475945.50918
2026-02-16T13:00:00+00:00,SOLUSDT,84.1,291614110.377
2026-02-16T14:00:00+00:00,BTCUSDT,68386.7,610597499.8924
2026-02-16T14:00:00+00:00,ETHUSDT,1971.93,491822811.95076
2026-02-16T14:00:00+00:00,SOLUSDT,83.98,163586065.8085
2026-02-16T15:00:00+00:00,BTCUSDT,67505.5,1374658905.4004
2026-02-16T15:00:00+00:00,ETHUSDT,1955.63,837605578.41708
2026-02-16T15:00:00+00:00,SOLUSDT,83.16,188841361.4913
2026-02-16T16:00:00+00:00,BTCUSDT,67854.0,527248437.0986
2026-02-16T16:00:00+00:00,ETHUSDT,1972.73,501221659.17151
2026-02-16T16:00:00+00:00,SOLUSDT,83.92,142988047.5059
2026-02-16T17:00:00+00:00,BTCUSDT,67917.2,338796300.9207
2026-02-16T17:00:00+00:00,ETHUSDT,1978.02,354629111.91609
2026-02-16T17:00:00+00:00,SOLUSDT,84.45,97267220.5148
2026-02-16T18:00:00+00:00,BTCUSDT,67833.0,391634071.3584
2026-02-16T18:00:00+00:00,ETHUSDT,1968.14,194265691.58588
2026-02-16T18:00:00+00:00,SOLUSDT,84.47,70949667.4247
2026-02-16T19:00:00+00:00,BTCUSDT,67883.6,144731185.4844
2026-02-16T19:00:00+00:00,ETHUSDT,1973.37,121312481.68877
2026-02-16T19:00:00+00:00,SOLUSDT,84.57,48377091.2129
2026-02-16T20:00:00+00:00,BTCUSDT,68508.9,370714553.6009
2026-02-16T20:00:00+00:00,ETHUSDT,1992.29,217482260.125
2026-02-16T20:00:00+00:00,SOLUSDT,85.31,65341281.5205
2026-02-16T21:00:00+00:00,BTCUSDT,68835.1,341680876.1094
2026-02-16T21:00:00+00:00,ETHUSDT,1998.19,227348257.04256
2026-02-16T21:00:00+00:00,SOLUSDT,85.97,61141239.2571
2026-02-16T22:00:00+00:00,BTCUSDT,68561.1,263643435.4156
2026-02-16T22:00:00+00:00,ETHUSDT,1989.14,252204461.95526
2026-02-16T22:00:00+00:00,SOLUSDT,85.67,50950047.4112
2026-02-16T23:00:00+00:00,BTCUSDT,68862.5,238250363.1594
2026-02-16T23:00:00+00:00,ETHUSDT,1997.35,156644871.10926
2026-02-16T23:00:00+00:00,SOLUSDT,86.39,71364367.2754
2026-02-17T00:00:00+00:00,BTCUSDT,68849.9,264255231.3151
2026-02-17T00:00:00+00:00,ETHUSDT,1997.57,174043924.33081
2026-02-17T00:00:00+00:00,SOLUSDT,86.56,88479704.4961
2026-02-17T01:00:00+00:00,BTCUSDT,68582.6,228209834.5195
2026-02-17T01:00:00+00:00,ETHUSDT,1990.69,186972086.65869
2026-02-17T01:00:00+00:00,SOLUSDT,86.12,63284996.2954
2026-02-17T02:00:00+00:00,BTCUSDT,68806.3,413148496.3514
2026-02-17T02:00:00+00:00,ETHUSDT,1997.8,353615870.17865
2026-02-17T02:00:00+00:00,SOLUSDT,87.26,91729268.776
2026-02-17T03:00:00+00:00,BTCUSDT,68443.6,228016574.0284
2026-02-17T03:00:00+00:00,ETHUSDT,1984.89,190141537.78802
2026-02-17T03:00:00+00:00,SOLUSDT,86.31,64336356.3197
2026-02-17T04:00:00+00:00,BTCUSDT,68450.1,243633150.9227
2026-02-17T04:00:00+00:00,ETHUSDT,1988.6,189731961.97502
2026-02-17T04:00:00+00:00,SOLUSDT,86.32,66237804.5933
2026-02-17T05:00:00+00:00,BTCUSDT,68207.3,462572960.0478
2026-02-17T05:00:00+00:00,ETHUSDT,1974.6,347430984.15734
2026-02-17T05:00:00+00:00,SOLUSDT,86.16,61214463.5818
2026-02-17T06:00:00+00:00,BTCUSDT,68370.8,158046113.5674
2026-02-17T06:00:00+00:00,ETHUSDT,1979.93,136265104.11547
2026-02-17T06:00:00+00:00,SOLUSDT,86.44,36913885.5611
2026-02-17T07:00:00+00:00,BTCUSDT,68353.4,189290136.2886
2026-02-17T07:00:00+00:00,ETHUSDT,1984.85,174796568.10039
2026-02-17T07:00:00+00:00,SOLUSDT,86.42,38309591.226
2026-02-17T08:00:00+00:00,BTCUSDT,68140.0,173351253.85
2026-02-17T08:00:00+00:00,ETHUSDT,1975.82,264342111.51573
2026-02-17T08:00:00+00:00,SOLUSDT,85.89,69043170.3518
2026-02-17T09:00:00+00:00,BTCUSDT,68087.1,235297376.0579
2026-02-17T09:00:00+00:00,ETHUSDT,1974.81,193101906.2141
2026-02-17T09:00:00+00:00,SOLUSDT,85.87,37796672.6088
2026-02-17T10:00:00+00:00,BTCUSDT,67822.1,356504271.5731
2026-02-17T10:00:00+00:00,ETHUSDT,1965.93,210037749.38109
2026-02-17T10:00:00+00:00,SOLUSDT,84.99,76649142.0605
2026-02-17T11:00:00+00:00,BTCUSDT,67824.4,267733960.7718
2026-02-17T11:00:00+00:00,ETHUSDT,1967.58,154587607.44304
2026-02-17T11:00:00+00:00,SOLUSDT,85.04,53487836.6169
2026-02-17T12:00:00+00:00,BTCUSDT,67893.2,414051689.1708
2026-02-17T12:00:00+00:00,ETHUSDT,1968.8,193266554.90007
2026-02-17T12:00:00+00:00,SOLUSDT,84.58,81813556.4255
2026-02-17T13:00:00+00:00,BTCUSDT,68105.3,482116793.4979
2026-02-17T13:00:00+00:00,ETHUSDT,1989.6,500850873.63531
2026-02-17T13:00:00+00:00,SOLUSDT,84.94,112509145.8135
2026-02-17T14:00:00+00:00,BTCUSDT,66846.7,1427762163.5553
2026-02-17T14:00:00+00:00,ETHUSDT,1947.55,1247380036.81604
2026-02-17T14:00:00+00:00,SOLUSDT,83.2,217145561.086
2026-02-17T15:00:00+00:00,BTCUSDT,67363.6,1124937544.7668
2026-02-17T15:00:00+00:00,ETHUSDT,1967.63,865900439.21462
2026-02-17T15:00:00+00:00,SOLUSDT,83.76,187698881.9692
2026-02-17T16:00:00+00:00,BTCUSDT,67493.1,1044879964.6855
2026-02-17T16:00:00+00:00,ETHUSDT,1979.45,1064070022.72236
2026-02-17T16:00:00+00:00,SOLUSDT,84.13,173655141.1251
2026-02-17T17:00:00+00:00,BTCUSDT,67208.6,698825961.6583
2026-02-17T17:00:00+00:00,ETHUSDT,1965.09,605823299.30311
2026-02-17T17:00:00+00:00,SOLUSDT,83.64,93531277.219
2026-02-17T18:00:00+00:00,BTCUSDT,68063.3,621636125.418
2026-02-17T18:00:00+00:00,ETHUSDT,1997.97,618416621.92598
2026-02-17T18:00:00+00:00,SOLUSDT,85.07,103979667.8844
2026-02-17T19:00:00+00:00,BTCUSDT,67766.9,402422864.9498
2026-02-17T19:00:00+00:00,ETHUSDT,1997.3,461176253.28163
2026-02-17T19:00:00+00:00,SOLUSDT,84.8,91057401.0225
2026-02-17T20:00:00+00:00,BTCUSDT,67719.3,277851071.446
2026-02-17T20:00:00+00:00,ETHUSDT,1993.66,263992706.73401
2026-02-17T20:00:00+00:00,SOLUSDT,84.94,69274099.8432
2026-02-17T21:00:00+00:00,BTCUSDT,67642.4,149094487.8201
2026-02-17T21:00:00+00:00,ETHUSDT,1998.68,115485835.93472
2026-02-17T21:00:00+00:00,SOLUSDT,85.17,34582795.1812
2026-02-17T22:00:00+00:00,BTCUSDT,67498.2,102166712.2527
2026-02-17T22:00:00+00:00,ETHUSDT,1992.9,111850625.22187
2026-02-17T22:00:00+00:00,SOLUSDT,84.98,18239078.7682
2026-02-17T23:00:00+00:00,BTCUSDT,67475.9,144809044.7322
2026-02-17T23:00:00+00:00,ETHUSDT,1990.68,117514246.32125
2026-02-17T23:00:00+00:00,SOLUSDT,85.02,37538488.7221
2026-02-18T00:00:00+00:00,BTCUSDT,67263.9,170233833.3407
2026-02-18T00:00:00+00:00,ETHUSDT,1980.39,179877187.82379
2026-02-18T00:00:00+00:00,SOLUSDT,84.82,43842215.7
2026-02-18T01:00:00+00:00,BTCUSDT,67137.2,371955997.8732
2026-02-18T01:00:00+00:00,ETHUSDT,1976.9,297138143.57428
2026-02-18T01:00:00+00:00,SOLUSDT,84.21,54455315.4215
2026-02-18T02:00:00+00:00,BTCUSDT,67297.9,183955273.8033
2026-02-18T02:00:00+00:00,ETHUSDT,1986.38,187081351.22155
2026-02-18T02:00:00+00:00,SOLUSDT,84.61,33652186.9789
2026-02-18T03:00:00+00:00,BTCUSDT,67590.2,206232887.9813
2026-02-18T03:00:00+00:00,ETHUSDT,1995.85,166056752.4263
2026-02-18T03:00:00+00:00,SOLUSDT,85.27,36640147.5331
2026-02-18T04:00:00+00:00,BTCUSDT,67790.9,236514484.7657
2026-02-18T04:00:00+00:00,ETHUSDT,1998.21,162979338.04743
2026-02-18T04:00:00+00:00,SOLUSDT,85.1,30646528.6392
2026-02-18T05:00:00+00:00,BTCUSDT,67613.4,241181205.226
2026-02-18T05:00:00+00:00,ETHUSDT,1995.29,128728135.82401
2026-02-18T05:00:00+00:00,SOLUSDT,84.85,22739992.6063
2026-02-18T06:00:00+00:00,BTCUSDT,67813.5,163539783.1863
2026-02-18T06:00:00+00:00,ETHUSDT,2001.12,178523574.22758
2026-02-18T06:00:00+00:00,SOLUSDT,84.87,24882076.9192
2026-02-18T07:00:00+00:00,BTCUSDT,68078.4,291116803.3562
2026-02-18T07:00:00+00:00,ETHUSDT,2017.19,459954969.92702
2026-02-18T07:00:00+00:00,SOLUSDT,85.22,37660148.8357
2026-02-18T08:00:00+00:00,BTCUSDT,68099.9,488459599.2634
2026-02-18T08:00:00+00:00,ETHUSDT,2019.59,614676176.35657
2026-02-18T08:00:00+00:00,SOLUSDT,85.42,82426582.9938
2026-02-18T09:00:00+00:00,BTCUSDT,68128.4,239468489.2374
2026-02-18T09:00:00+00:00,ETHUSDT,2015.66,198326933.78228
2026-02-18T09:00:00+00:00,SOLUSDT,85.26,31924546.1675
2026-02-18T10:00:00+00:00,BTCUSDT,67771.2,311100372.0853
2026-02-18T10:00:00+00:00,ETHUSDT,1996.3,400994334.89146
2026-02-18T10:00:00+00:00,SOLUSDT,84.22,77589279.1082
2026-02-18T11:00:00+00:00,BTCUSDT,67345.4,811224330.5491
2026-02-18T11:00:00+00:00,ETHUSDT,1980.19,625759037.03964
2026-02-18T11:00:00+00:00,SOLUSDT,82.8,183184437.8128
2026-02-18T12:00:00+00:00,BTCUSDT,67429.8,276783871.3602
2026-02-18T12:00:00+00:00,ETHUSDT,1981.49,361163037.63694
2026-02-18T12:00:00+00:00,SOLUSDT,82.94,138445892.9259
2026-02-18T13:00:00+00:00,BTCUSDT,67202.2,401434128.9156
2026-02-18T13:00:00+00:00,ETHUSDT,1969.48,593686476.20933
2026-02-18T13:00:00+00:00,SOLUSDT,82.54,91974149.0137
2026-02-18T14:00:00+00:00,BTCUSDT,67190.5,867037869.1297
2026-02-18T14:00:00+00:00,ETHUSDT,1973.64,780140795.819
2026-02-18T14:00:00+00:00,SOLUSDT,82.49,157808342.7171
2026-02-18T15:00:00+00:00,BTCUSDT,67671.0,1365314580.6462
2026-02-18T15:00:00+00:00,ETHUSDT,1984.56,1060413571.14087
2026-02-18T15:00:00+00:00,SOLUSDT,82.95,169664464.7729
2026-02-18T16:00:00+00:00,BTCUSDT,67104.8,940388106.6637
2026-02-18T16:00:00+00:00,ETHUSDT,1970.76,718925144.70553
2026-02-18T16:00:00+00:00,SOLUSDT,82.23,114158076.9151
2026-02-18T17:00:00+00:00,BTCUSDT,67156.3,373853247.5421
2026-02-18T17:00:00+00:00,ETHUSDT,1973.46,261203268.01257
2026-02-18T17:00:00+00:00,SOLUSDT,82.12,64029304.4514
2026-02-18T18:00:00+00:00,BTCUSDT,66327.2,1006205539.3828
2026-02-18T18:00:00+00:00,ETHUSDT,1951.37,728084922.75768
2026-02-18T18:00:00+00:00,SOLUSDT,81.23,149991925.8682
2026-02-18T19:00:00+00:00,BTCUSDT,66138.2,905726246.6968
2026-02-18T19:00:00+00:00,ETHUSDT,1939.82,880945859.02219
2026-02-18T19:00:00+00:00,SOLUSDT,80.87,126738675.2754
2026-02-18T20:00:00+00:00,BTCUSDT,66230.2,505574834.6581
2026-02-18T20:00:00+00:00,ETHUSDT,1938.4,389269151.24958
2026-02-18T20:00:00+00:00,SOLUSDT,81.27,71021326.9119
2026-02-18T21:00:00+00:00,BTCUSDT,66300.6,368876551.2267
2026-02-18T21:00:00+00:00,ETHUSDT,1940.71,173630025.48831
2026-02-18T21:00:00+00:00,SOLUSDT,81.21,51591995.1796
2026-02-18T22:00:00+00:00,BTCUSDT,66379.0,123369600.2856
2026-02-18T22:00:00+00:00,ETHUSDT,1947.29,97681970.56613
2026-02-18T22:00:00+00:00,SOLUSDT,81.41,25447835.6588
2026-02-18T23:00:00+00:00,BTCUSDT,66422.8,166354622.3801
2026-02-18T23:00:00+00:00,ETHUSDT,1954.77,141029294.63238
2026-02-18T23:00:00+00:00,SOLUSDT,81.55,24839174.9358
2026-02-19T00:00:00+00:00,BTCUSDT,66410.7,160436522.6469
2026-02-19T00:00:00+00:00,ETHUSDT,1955.33,132486791.43937
2026-02-19T00:00:00+00:00,SOLUSDT,81.44,25775213.6001
2026-02-19T01:00:00+00:00,BTCUSDT,66830.3,267904253.5129
2026-02-19T01:00:00+00:00,ETHUSDT,1965.99,242600001.63904
2026-02-19T01:00:00+00:00,SOLUSDT,81.82,34423043.1204
2026-02-19T02:00:00+00:00,BTCUSDT,66800.7,225462998.7441
2026-02-19T02:00:00+00:00,ETHUSDT,1966.98,181408438.15882
2026-02-19T02:00:00+00:00,SOLUSDT,81.6,46656653.1336
2026-02-19T03:00:00+00:00,BTCUSDT,66950.4,143093630.2247
2026-02-19T03:00:00+00:00,ETHUSDT,1971.19,119776253.22529
2026-02-19T03:00:00+00:00,SOLUSDT,81.71,21566501.8017
2026-02-19T04:00:00+00:00,BTCUSDT,66776.4,236748152.4438
2026-02-19T04:00:00+00:00,ETHUSDT,1968.5,206083820.10546
2026-02-19T04:00:00+00:00,SOLUSDT,81.46,36762180.2827
2026-02-19T05:00:00+00:00,BTCUSDT,66847.6,141811516.0373
2026-02-19T05:00:00+00:00,ETHUSDT,1969.39,143447440.26262
2026-02-19T05:00:00+00:00,SOLUSDT,81.83,41837647.9666
2026-02-19T06:00:00+00:00,BTCUSDT,67123.8,276754584.7043
2026-02-19T06:00:00+00:00,ETHUSDT,1982.12,257859990.51525
2026-02-19T06:00:00+00:00,SOLUSDT,82.32,44812287.7125
2026-02-19T07:00:00+00:00,BTCUSDT,67180.4,214713426.9534
2026-02-19T07:00:00+00:00,ETHUSDT,1980.82,185130244.30928
2026-02-19T07:00:00+00:00,SOLUSDT,82.34,48650648.9656
2026-02-19T08:00:00+00:00,BTCUSDT,66937.7,334209089.5389
2026-02-19T08:00:00+00:00,ETHUSDT,1969.5,300771694.51583
2026-02-19T08:00:00+00:00,SOLUSDT,81.67,53476854.7937
2026-02-19T09:00:00+00:00,BTCUSDT,66811.8,287573301.7646
2026-02-19T09:00:00+00:00,ETHUSDT,1962.94,289567737.11312
2026-02-19T09:00:00+00:00,SOLUSDT,81.14,60855961.9622
2026-02-19T10:00:00+00:00,BTCUSDT,66810.1,179243746.901
2026-02-19T10:00:00+00:00,ETHUSDT,1958.81,244668229.93569
2026-02-19T10:00:00+00:00,SOLUSDT,81.48,80957753.6375
2026-02-19T11:00:00+00:00,BTCUSDT,66468.9,377342981.2595
2026-02-19T11:00:00+00:00,ETHUSDT,1948.7,289349516.90895
2026-02-19T11:00:00+00:00,SOLUSDT,81.2,38176189.1531
2026-02-19T12:00:00+00:00,BTCUSDT,66489.6,463938712.0532
2026-02-19T12:00:00+00:00,ETHUSDT,1946.66,328067379.30692
2026-02-19T12:00:00+00:00,SOLUSDT,80.76,81298667.6448
2026-02-19T13:00:00+00:00,BTCUSDT,65871.2,1036490930.5093
2026-02-19T13:00:00+00:00,ETHUSDT,1920.21,1002572467.39395
2026-02-19T13:00:00+00:00,SOLUSDT,79.96,146326499.3223
2026-02-19T14:00:00+00:00,BTCUSDT,66381.9,1154655122.8521
2026-02-19T14:00:00+00:00,ETHUSDT,1935.82,933056537.78139
2026-02-19T14:00:00+00:00,SOLUSDT,80.74,158641759.352
2026-02-19T15:00:00+00:00,BTCUSDT,66362.7,875922616.2396
2026-02-19T15:00:00+00:00,ETHUSDT,1925.2,868371222.14303
2026-02-19T15:00:00+00:00,SOLUSDT,80.59,99887568.9283
2026-02-19T16:00:00+00:00,BTCUSDT,66267.6,587468887.9973
2026-02-19T16:00:00+00:00,ETHUSDT,1920.95,501171105.76629
2026-02-19T16:00:00+00:00,SOLUSDT,80.76,99712781.1358
2026-02-19T17:00:00+00:00,BTCUSDT,66336.1,833351103.7846
2026-02-19T17:00:00+00:00,ETHUSDT,1919.59,591478653.42433
2026-02-19T17:00:00+00:00,SOLUSDT,80.42,128431120.9996
2026-02-19T18:00:00+00:00,BTCUSDT,67003.2,737897634.1784
2026-02-19T18:00:00+00:00,ETHUSDT,1938.78,407906592.36639
2026-02-19T18:00:00+00:00,SOLUSDT,81.95,94315865.1858
2026-02-19T19:00:00+00:00,BTCUSDT,67022.9,461045057.1595
2026-02-19T19:00:00+00:00,ETHUSDT,1940.14,276756575.15423
2026-02-19T19:00:00+00:00,SOLUSDT,81.9,78625095.7879
2026-02-19T20:00:00+00:00,BTCUSDT,67118.7,274389712.9145
2026-02-19T20:00:00+00:00,ETHUSDT,1949.12,230529219.50803
2026-02-19T20:00:00+00:00,SOLUSDT,82.06,59470048.8887
2026-02-19T21:00:00+00:00,BTCUSDT,66893.2,166360650.3018
2026-02-19T21:00:00+00:00,ETHUSDT,1947.73,134844370.70796
2026-02-19T21:00:00+00:00,SOLUSDT,82.02,26418430.4758
2026-02-19T22:00:00+00:00,BTCUSDT,66873.9,232467677.865
2026-02-19T22:00:00+00:00,ETHUSDT,1942.97,123958529.23719
2026-02-19T22:00:00+00:00,SOLUSDT,82.29,39535134.8836
2026-02-19T23:00:00+00:00,BTCUSDT,66974.0,142782037.5995
2026-02-19T23:00:00+00:00,ETHUSDT,1948.15,105701530.92757
2026-02-19T23:00:00+00:00,SOLUSDT,82.46,27452573.9292
2026-02-20T00:00:00+00:00,BTCUSDT,67190.1,491511049.91
2026-02-20T00:00:00+00:00,ETHUSDT,1956.64,283996461.87204
2026-02-20T00:00:00+00:00,SOLUSDT,82.85,93202301.3635
2026-02-20T01:00:00+00:00,BTCUSDT,67249.2,202622295.6945
2026-02-20T01:00:00+00:00,ETHUSDT,1952.85,162720091.42303
2026-02-20T01:00:00+00:00,SOLUSDT,82.97,40295612.2081
2026-02-20T02:00:00+00:00,BTCUSDT,67208.1,147135466.3683
2026-02-20T02:00:00+00:00,ETHUSDT,1948.62,149100030.05104
2026-02-20T02:00:00+00:00,SOLUSDT,82.86,46804321.9573
2026-02-20T03:00:00+00:00,BTCUSDT,67327.2,245864429.9704
2026-02-20T03:00:00+00:00,ETHUSDT,1954.06,131356496.27505
2026-02-20T03:00:00+00:00,SOLUSDT,82.97,35854548.6157
2026-02-20T04:00:00+00:00,BTCUSDT,67228.4,282780125.4337
2026-02-20T04:00:00+00:00,ETHUSDT,1938.12,573357924.93855
2026-02-20T04:00:00+00:00,SOLUSDT,82.63,55541719.0044
2026-02-20T05:00:00+00:00,BTCUSDT,67756.0,712252509.5885
2026-02-20T05:00:00+00:00,ETHUSDT,1954.33,424610625.68913
2026-02-20T05:00:00+00:00,SOLUSDT,83.23,72569863.4191
2026-02-20T06:00:00+00:00,BTCUSDT,67809.4,314959375.6667
2026-02-20T06:00:00+00:00,ETHUSDT,1957.51,181330297.55712
2026-02-20T06:00:00+00:00,SOLUSDT,83.66,43073850.3901
2026-02-20T07:00:00+00:00,BTCUSDT,67794.7,254504902.6912
2026-02-20T07:00:00+00:00,ETHUSDT,1959.65,228287981.36315
2026-02-20T07:00:00+00:00,SOLUSDT,83.38,50679607.9621
2026-02-20T08:00:00+00:00,BTCUSDT,67839.9,181816853.4975
2026-02-20T08:00:00+00:00,ETHUSDT,1958.82,170471611.02578
2026-02-20T08:00:00+00:00,SOLUSDT,83.59,33105889.4451
2026-02-20T09:00:00+00:00,BTCUSDT,68174.1,499536293.7456
2026-02-20T09:00:00+00:00,ETHUSDT,1966.82,265894882.93477
2026-02-20T09:00:00+00:00,SOLUSDT,84.16,89293642.5192
2026-02-20T10:00:00+00:00,BTCUSDT,67909.7,535101389.9125
2026-02-20T10:00:00+00:00,ETHUSDT,1956.5,279868415.44635
2026-02-20T10:00:00+00:00,SOLUSDT,84.05,85910593.6882
2026-02-20T11:00:00+00:00,BTCUSDT,67290.5,659792783.4077
2026-02-20T11:00:00+00:00,ETHUSDT,1942.76,424100057.86015
2026-02-20T11:00:00+00:00,SOLUSDT,83.52,108163242.8394
2026-02-20T12:00:00+00:00,BTCUSDT,67498.9,497736920.3358
2026-02-20T12:00:00+00:00,ETHUSDT,1948.73,227670680.42735
2026-02-20T12:00:00+00:00,SOLUSDT,83.67,62259699.8404
2026-02-20T13:00:00+00:00,BTCUSDT,66784.8,1826042614.2218
2026-02-20T13:00:00+00:00,ETHUSDT,1932.85,682397673.7994
2026-02-20T13:00:00+00:00,SOLUSDT,82.15,212087786.0838
2026-02-20T14:00:00+00:00,BTCUSDT,67043.2,1052708640.9652
2026-02-20T14:00:00+00:00,ETHUSDT,1942.64,549072082.45377
2026-02-20T14:00:00+00:00,SOLUSDT,83.02,140785432.5882
2026-02-20T15:00:00+00:00,BTCUSDT,67547.6,2597048659.8135
2026-02-20T15:00:00+00:00,ETHUSDT,1963.05,1520243868.33086
2026-02-20T15:00:00+00:00,SOLUSDT,84.33,300527593.4179
2026-02-20T16:00:00+00:00,BTCUSDT,67763.2,930476988.0862
2026-02-20T16:00:00+00:00,ETHUSDT,1967.71,600817754.77384
2026-02-20T16:00:00+00:00,SOLUSDT,84.45,158005191.6453
2026-02-20T17:00:00+00:00,BTCUSDT,67582.0,1573621446.3608
2026-02-20T17:00:00+00:00,ETHUSDT,1965.6,773080378.14149
2026-02-20T17:00:00+00:00,SOLUSDT,84.44,199243988.4314
2026-02-20T18:00:00+00:00,BTCUSDT,67901.1,802544817.087
2026-02-20T18:00:00+00:00,ETHUSDT,1974.49,661652965.97956
2026-02-20T18:00:00+00:00,SOLUSDT,85.21,166068558.5217
2026-02-20T19:00:00+00:00,BTCUSDT,67616.5,336994759.3932
2026-02-20T19:00:00+00:00,ETHUSDT,1962.88,232394305.03673
2026-02-20T19:00:00+00:00,SOLUSDT,84.72,62313512.7811
2026-02-20T20:00:00+00:00,BTCUSDT,67719.7,225817961.4416
2026-02-20T20:00:00+00:00,ETHUSDT,1969.91,105248850.37869
2026-02-20T20:00:00+00:00,SOLUSDT,84.57,42375554.2202
2026-02-20T21:00:00+00:00,BTCUSDT,67792.3,215362069.795
2026-02-20T21:00:00+00:00,ETHUSDT,1973.44,154513628.44032
2026-02-20T21:00:00+00:00,SOLUSDT,84.52,45550807.5043
2026-02-20T22:00:00+00:00,BTCUSDT,68049.8,311881114.9668
2026-02-20T22:00:00+00:00,ETHUSDT,1970.22,120721375.26309
2026-02-20T22:00:00+00:00,SOLUSDT,84.55,42204343.6552
2026-02-20T23:00:00+00:00,BTCUSDT,67979.3,289997750.9934
2026-02-20T23:00:00+00:00,ETHUSDT,1967.85,117040758.80037
2026-02-20T23:00:00+00:00,SOLUSDT,84.62,26680340.1974
2026-02-21T00:00:00+00:00,BTCUSDT,67805.2,233117910.4696
2026-02-21T00:00:00+00:00,ETHUSDT,1962.29,96183335.14527
2026-02-21T00:00:00+00:00,SOLUSDT,84.4,27970842.2301
2026-02-21T01:00:00+00:00,BTCUSDT,67916.1,115790610.4595
2026-02-21T01:00:00+00:00,ETHUSDT,1965.36,73140543.02446
2026-02-21T01:00:00+00:00,SOLUSDT,84.65,20156940.3863
2026-02-21T02:00:00+00:00,BTCUSDT,67970.3,134196282.9741
2026-02-21T02:00:00+00:00,ETHUSDT,1964.75,66746247.91713
2026-02-21T02:00:00+00:00,SOLUSDT,84.76,23144593.9518
2026-02-21T03:00:00+00:00,BTCUSDT,67637.0,431199997.5216
2026-02-21T03:00:00+00:00,ETHUSDT,1958.29,147579884.38287
2026-02-21T03:00:00+00:00,SOLUSDT,84.29,37457084.6871
2026-02-21T04:00:00+00:00,BTCUSDT,67782.2,183099115.8442
2026-02-21T04:00:00+00:00,ETHUSDT,1961.55,72830600.91671
2026-02-21T04:00:00+00:00,SOLUSDT,84.36,20595091.9229
2026-02-21T05:00:00+00:00,BTCUSDT,67827.1,106048738.1984
2026-02-21T05:00:00+00:00,ETHUSDT,1962.01,50363465.57972
2026-02-21T05:00:00+00:00,SOLUSDT,84.42,14222956.7266
2026-02-21T06:00:00+00:00,BTCUSDT,67759.5,102670193.6236
2026-02-21T06:00:00+00:00,ETHUSDT,1960.5,95994213.19112
2026-02-21T06:00:00+00:00,SOLUSDT,84.08,50643758.3002
2026-02-21T07:00:00+00:00,BTCUSDT,67821.0,71254870.8433
2026-02-21T07:00:00+00:00,ETHUSDT,1962.0,53938566.66127
2026-02-21T07:00:00+00:00,SOLUSDT,84.18,29861037.9706
2026-02-21T08:00:00+00:00,BTCUSDT,68016.9,185925819.8394
2026-02-21T08:00:00+00:00,ETHUSDT,1968.11,125263657.34908
2026-02-21T08:00:00+00:00,SOLUSDT,84.67,27937926.618
2026-02-21T09:00:00+00:00,BTCUSDT,68115.8,510151610.7164
2026-02-21T09:00:00+00:00,ETHUSDT,1969.39,266359677.06406
2026-02-21T09:00:00+00:00,SOLUSDT,84.86,53196488.759
2026-02-21T10:00:00+00:00,BTCUSDT,68184.6,151187784.9939
2026-02-21T10:00:00+00:00,ETHUSDT,1973.29,96128627.94028
2026-02-21T10:00:00+00:00,SOLUSDT,85.11,27740544.5308
2026-02-21T11:00:00+00:00,BTCUSDT,68060.9,271645194.5186
2026-02-21T11:00:00+00:00,ETHUSDT,1976.25,462110930.63513
2026-02-21T11:00:00+00:00,SOLUSDT,85.35,58837752.5526
2026-02-21T12:00:00+00:00,BTCUSDT,68175.9,370707527.4083
2026-02-21T12:00:00+00:00,ETHUSDT,1975.1,226178376.88528
2026-02-21T12:00:00+00:00,SOLUSDT,85.25,46359877.0761
2026-02-21T13:00:00+00:00,BTCUSDT,68223.3,137770274.0595
2026-02-21T13:00:00+00:00,ETHUSDT,1980.22,109444861.82773
2026-02-21T13:00:00+00:00,SOLUSDT,85.81,52303745.1178
2026-02-21T14:00:00+00:00,BTCUSDT,68416.6,692570404.7507
2026-02-21T14:00:00+00:00,ETHUSDT,1986.62,464041709.90258
2026-02-21T14:00:00+00:00,SOLUSDT,86.27,125510713.0336
2026-02-21T15:00:00+00:00,BTCUSDT,68571.5,297921282.6356
2026-02-21T15:00:00+00:00,ETHUSDT,1987.04,188888901.03401
2026-02-21T15:00:00+00:00,SOLUSDT,86.52,62226526.499
2026-02-21T16:00:00+00:00,BTCUSDT,68292.4,552949854.2517
2026-02-21T16:00:00+00:00,ETHUSDT,1985.45,369138640.79085
2026-02-21T16:00:00+00:00,SOLUSDT,86.1,74821669.518
2026-02-21T17:00:00+00:00,BTCUSDT,68408.8,197951023.5975
2026-02-21T17:00:00+00:00,ETHUSDT,1987.96,108026091.81818
2026-02-21T17:00:00+00:00,SOLUSDT,86.19,67065513.2663
2026-02-21T18:00:00+00:00,BTCUSDT,68547.2,229659670.8975
2026-02-21T18:00:00+00:00,ETHUSDT,1991.23,134252631.91709
2026-02-21T18:00:00+00:00,SOLUSDT,86.53,42795494.7185
2026-02-21T19:00:00+00:00,BTCUSDT,68516.3,148267070.3058
2026-02-21T19:00:00+00:00,ETHUSDT,1987.48,67264710.65083
2026-02-21T19:00:00+00:00,SOLUSDT,86.17,30128422.8327
2026-02-21T20:00:00+00:00,BTCUSDT,68180.9,221588647.0541
2026-02-21T20:00:00+00:00,ETHUSDT,1973.16,215729267.72238
2026-02-21T20:00:00+00:00,SOLUSDT,85.41,68526344.7679
2026-02-21T21:00:00+00:00,BTCUSDT,68351.0,144904339.1893
2026-02-21T21:00:00+00:00,ETHUSDT,1981.24,191631538.58987
2026-02-21T21:00:00+00:00,SOLUSDT,85.79,33897266.4744
2026-02-21T22:00:00+00:00,BTCUSDT,67936.6,292914887.2415
2026-02-21T22:00:00+00:00,ETHUSDT,1973.61,97253599.84455
2026-02-21T22:00:00+00:00,SOLUSDT,85.4,27082775.6637
2026-02-21T23:00:00+00:00,BTCUSDT,67933.1,179182676.7047
2026-02-21T23:00:00+00:00,ETHUSDT,1972.54,81665943.67793
2026-02-21T23:00:00+00:00,SOLUSDT,85.12,42997496.9971
2026-02-22T00:00:00+00:00,BTCUSDT,67912.0,203350072.2657
2026-02-22T00:00:00+00:00,ETHUSDT,1972.15,153567469.32922
2026-02-22T00:00:00+00:00,SOLUSDT,85.01,49495069.4562
2026-02-22T01:00:00+00:00,BTCUSDT,68132.3,189321435.3227
2026-02-22T01:00:00+00:00,ETHUSDT,1976.31,121341996.49581
2026-02-22T01:00:00+00:00,SOLUSDT,85.28,38878871.7179
2026-02-22T02:00:00+00:00,BTCUSDT,67871.5,226627751.2421
2026-02-22T02:00:00+00:00,ETHUSDT,1971.34,137052511.2406
2026-02-22T02:00:00+00:00,SOLUSDT,84.9,41253624.594
2026-02-22T03:00:00+00:00,BTCUSDT,68010.5,230156025.5837
2026-02-22T03:00:00+00:00,ETHUSDT,1973.76,159291594.67659
2026-02-22T03:00:00+00:00,SOLUSDT,85.03,39937917.1682
2026-02-22T04:00:00+00:00,BTCUSDT,67950.2,117032250.8398
2026-02-22T04:00:00+00:00,ETHUSDT,1972.9,71207647.01939
2026-02-22T04:00:00+00:00,SOLUSDT,85.1,20334103.9005
2026-02-22T05:00:00+00:00,BTCUSDT,67944.5,118488950.8576
2026-02-22T05:00:00+00:00,ETHUSDT,1974.11,60062294.95184
2026-02-22T05:00:00+00:00,SOLUSDT,84.93,23182563.4099
2026-02-22T06:00:00+00:00,BTCUSDT,68006.4,246636206.9485
2026-02-22T06:00:00+00:00,ETHUSDT,1975.17,78262669.79952
2026-02-22T06:00:00+00:00,SOLUSDT,85.24,26238089.2065
2026-02-22T07:00:00+00:00,BTCUSDT,67973.0,126009072.8499
2026-02-22T07:00:00+00:00,ETHUSDT,1975.01,74843655.5126
2026-02-22T07:00:00+00:00,SOLUSDT,85.19,42301004.8388
2026-02-22T08:00:00+00:00,BTCUSDT,67909.3,192907791.5268
2026-02-22T08:00:00+00:00,ETHUSDT,1972.47,97486821.99987
2026-02-22T08:00:00+00:00,SOLUSDT,84.91,31845731.1729
2026-02-22T09:00:00+00:00,BTCUSDT,68022.4,121918779.6025
2026-02-22T09:00:00+00:00,ETHUSDT,1974.77,83641496.05407
2026-02-22T09:00:00+00:00,SOLUSDT,84.97,17282533.5915
2026-02-22T10:00:00+00:00,BTCUSDT,68096.6,138500801.1634
2026-02-22T10:00:00+00:00,ETHUSDT,1976.5,79479504.90112
2026-02-22T10:00:00+00:00,SOLUSDT,85.16,20542794.1448
2026-02-22T11:00:00+00:00,BTCUSDT,68183.4,164885415.5378
2026-02-22T11:00:00+00:00,ETHUSDT,1979.84,129752150.10346
2026-02-22T11:00:00+00:00,SOLUSDT,85.2,23515501.4179
2026-02-22T12:00:00+00:00,BTCUSDT,67892.4,324688473.0225
2026-02-22T12:00:00+00:00,ETHUSDT,1965.45,428014737.59809
2026-02-22T12:00:00+00:00,SOLUSDT,84.4,81652956.6476
2026-02-22T13:00:00+00:00,BTCUSDT,67622.4,570097209.1601
2026-02-22T13:00:00+00:00,ETHUSDT,1949.91,667351725.32759
2026-02-22T13:00:00+00:00,SOLUSDT,83.94,99272761.5577
2026-02-22T14:00:00+00:00,BTCUSDT,67420.1,625389656.3854
2026-02-22T14:00:00+00:00,ETHUSDT,1949.64,341833654.50422
2026-02-22T14:00:00+00:00,SOLUSDT,83.6,95485734.4569
2026-02-22T15:00:00+00:00,BTCUSDT,67659.9,588796214.5804
2026-02-22T15:00:00+00:00,ETHUSDT,1952.81,308964100.3803
2026-02-22T15:00:00+00:00,SOLUSDT,83.44,129989825.6601
2026-02-22T16:00:00+00:00,BTCUSDT,67601.6,187659751.9567
2026-02-22T16:00:00+00:00,ETHUSDT,1951.56,144833195.51798
2026-02-22T16:00:00+00:00,SOLUSDT,83.52,36828792.4527
2026-02-22T17:00:00+00:00,BTCUSDT,67365.0,436420045.4093
2026-02-22T17:00:00+00:00,ETHUSDT,1939.23,403085044.65442
2026-02-22T17:00:00+00:00,SOLUSDT,83.01,65253448.6132
2026-02-22T18:00:00+00:00,BTCUSDT,67392.3,160548639.547
2026-02-22T18:00:00+00:00,ETHUSDT,1942.11,108801075.32003
2026-02-22T18:00:00+00:00,SOLUSDT,83.16,32683408.6381
2026-02-22T19:00:00+00:00,BTCUSDT,67402.2,90307967.6975
2026-02-22T19:00:00+00:00,ETHUSDT,1942.81,73985242.57003
2026-02-22T19:00:00+00:00,SOLUSDT,83.25,19322835.7294
2026-02-22T20:00:00+00:00,BTCUSDT,67374.9,118919933.2814
2026-02-22T20:00:00+00:00,ETHUSDT,1940.02,75251646.99177
2026-02-22T20:00:00+00:00,SOLUSDT,82.97,37551161.2669
2026-02-22T21:00:00+00:00,BTCUSDT,67576.2,111370942.4048
2026-02-22T21:00:00+00:00,ETHUSDT,1949.44,104556521.01473
2026-02-22T21:00:00+00:00,SOLUSDT,83.44,24066108.7119
2026-02-22T22:00:00+00:00,BTCUSDT,67631.2,193191112.7711
2026-02-22T22:00:00+00:00,ETHUSDT,1957.31,176505775.14372
2026-02-22T22:00:00+00:00,SOLUSDT,83.52,42319167.1734
2026-02-22T23:00:00+00:00,BTCUSDT,67613.5,228688792.4359
2026-02-22T23:00:00+00:00,ETHUSDT,1957.01,192618128.94519
2026-02-22T23:00:00+00:00,SOLUSDT,82.75,95528389.4547
2026-02-23T00:00:00+00:00,BTCUSDT,66705.8,546392831.4675
2026-02-23T00:00:00+00:00,ETHUSDT,1928.14,348934552.95474
2026-02-23T00:00:00+00:00,SOLUSDT,81.34,111467966.8854
2026-02-23T01:00:00+00:00,BTCUSDT,64387.2,3836457036.66
2026-02-23T01:00:00+00:00,ETHUSDT,1854.93,2438359471.83446
2026-02-23T01:00:00+00:00,SOLUSDT,77.88,507334478.6939
2026-02-23T02:00:00+00:00,BTCUSDT,64742.4,926273136.7221
2026-02-23T02:00:00+00:00,ETHUSDT,1861.45,563101216.83408
2026-02-23T02:00:00+00:00,SOLUSDT,77.79,134149889.1509
2026-02-23T03:00:00+00:00,BTCUSDT,64894.0,508699453.5422
2026-02-23T03:00:00+00:00,ETHUSDT,1860.94,354988192.93599
2026-02-23T03:00:00+00:00,SOLUSDT,77.57,120051981.0062
2026-02-23T04:00:00+00:00,BTCUSDT,64777.3,320560418.6849
2026-02-23T04:00:00+00:00,ETHUSDT,1858.16,190562253.42782
2026-02-23T04:00:00+00:00,SOLUSDT,77.29,72572669.4963
2026-02-23T05:00:00+00:00,BTCUSDT,65031.9,447170960.2066
2026-02-23T05:00:00+00:00,ETHUSDT,1864.26,271650992.60388
2026-02-23T05:00:00+00:00,SOLUSDT,77.74,106118921.0817
2026-02-23T06:00:00+00:00,BTCUSDT,65717.7,749680570.0838
2026-02-23T06:00:00+00:00,ETHUSDT,1877.9,404030273.61092
2026-02-23T06:00:00+00:00,SOLUSDT,79.01,149758910.4334
2026-02-23T07:00:00+00:00,BTCUSDT,65915.8,539331752.9398
2026-02-23T07:00:00+00:00,ETHUSDT,1884.13,336025033.93802
2026-02-23T07:00:00+00:00,SOLUSDT,79.32,96187045.4185
2026-02-23T08:00:00+00:00,BTCUSDT,65639.0,424014160.1089
2026-02-23T08:00:00+00:00,ETHUSDT,1879.25,259764680.01689
2026-02-23T08:00:00+00:00,SOLUSDT,78.69,94679887.8401
2026-02-23T09:00:00+00:00,BTCUSDT,66374.8,772326008.1399
2026-02-23T09:00:00+00:00,ETHUSDT,1916.88,754398415.30946
2026-02-23T09:00:00+00:00,SOLUSDT,80.4,158422220.8023
2026-02-23T10:00:00+00:00,BTCUSDT,66291.1,481395336.6397
2026-02-23T10:00:00+00:00,ETHUSDT,1913.23,601496156.77025
2026-02-23T10:00:00+00:00,SOLUSDT,80.22,84435930.3358
2026-02-23T11:00:00+00:00,BTCUSDT,66170.8,353278704.6981
2026-02-23T11:00:00+00:00,ETHUSDT,1914.41,244791670.94941
2026-02-23T11:00:00+00:00,SOLUSDT,79.99,57315202.2171
2026-02-23T12:00:00+00:00,BTCUSDT,66249.9,674562233.5826
2026-02-23T12:00:00+00:00,ETHUSDT,1919.28,462752693.60141
2026-02-23T12:00:00+00:00,SOLUSDT,80.65,119902834.9867
2026-02-23T13:00:00+00:00,BTCUSDT,66099.9,429890692.9984
2026-02-23T13:00:00+00:00,ETHUSDT,1921.03,485524131.57529
2026-02-23T13:00:00+00:00,SOLUSDT,80.47,106512864.0209
2026-02-23T14:00:00+00:00,BTCUSDT,65895.5,1088474386.9966
2026-02-23T14:00:00+00:00,ETHUSDT,1906.05,933210957.87735
2026-02-23T14:00:00+00:00,SOLUSDT,80.09,195247460.2104
2026-02-23T15:00:00+00:00,BTCUSDT,65633.1,715114477.3641
2026-02-23T15:00:00+00:00,ETHUSDT,1894.72,492925703.84881
2026-02-23T15:00:00+00:00,SOLUSDT,79.35,130808100.4696
2026-02-23T16:00:00+00:00,BTCUSDT,65343.1,869635212.8978
2026-02-23T16:00:00+00:00,ETHUSDT,1884.2,572980091.13873
2026-02-23T16:00:00+00:00,SOLUSDT,78.92,158488274.5086
2026-02-23T17:00:00+00:00,BTCUSDT,64787.3,1415460073.534
2026-02-23T17:00:00+00:00,ETHUSDT,1862.99,1157517597.85623
2026-02-23T17:00:00+00:00,SOLUSDT,78.27,190043534.4892
2026-02-23T18:00:00+00:00,BTCUSDT,64602.9,688477108.9302
2026-02-23T18:00:00+00:00,ETHUSDT,1856.62,449072640.62124
2026-02-23T18:00:00+00:00,SOLUSDT,78.57,128108436.981
2026-02-23T19:00:00+00:00,BTCUSDT,64273.9,724437647.7006
2026-02-23T19:00:00+00:00,ETHUSDT,1856.15,303401416.73256
2026-02-23T19:00:00+00:00,SOLUSDT,78.25,86989586.4341
2026-02-23T20:00:00+00:00,BTCUSDT,64445.9,641786636.7758
2026-02-23T20:00:00+00:00,ETHUSDT,1859.82,286135068.20316
2026-02-23T20:00:00+00:00,SOLUSDT,78.26,73327094.4472
2026-02-23T21:00:00+00:00,BTCUSDT,64554.6,329927965.688
2026-02-23T21:00:00+00:00,ETHUSDT,1862.71,211601266.5493
2026-02-23T21:00:00+00:00,SOLUSDT,78.33,56141407.8068
2026-02-23T22:00:00+00:00,BTCUSDT,64694.3,331604017.7978
2026-02-23T22:00:00+00:00,ETHUSDT,1859.08,124915215.63
2026-02-23T22:00:00+00:00,SOLUSDT,78.21,56435473.6889
2026-02-23T23:00:00+00:00,BTCUSDT,64625.8,290801699.6279
2026-02-23T23:00:00+00:00,ETHUSDT,1855.47,185231462.77701
2026-02-23T23:00:00+00:00,SOLUSDT,77.87,52175066.177
2026-02-24T00:00:00+00:00,BTCUSDT,64910.2,262461833.7973
2026-02-24T00:00:00+00:00,ETHUSDT,1867.01,175978084.90116
2026-02-24T00:00:00+00:00,SOLUSDT,78.41,51798942.8992
2026-02-24T01:00:00+00:00,BTCUSDT,64131.0,1439809129.7109
2026-02-24T01:00:00+00:00,ETHUSDT,1839.87,1226470094.68948
2026-02-24T01:00:00+00:00,SOLUSDT,77.63,253876585.4263
2026-02-24T02:00:00+00:00,BTCUSDT,64080.3,399638758.3958
2026-02-24T02:00:00+00:00,ETHUSDT,1842.42,290820020.78242
2026-02-24T02:00:00+00:00,SOLUSDT,77.58,71358658.9174
2026-02-24T03:00:00+00:00,BTCUSDT,63570.5,765955950.5978
2026-02-24T03:00:00+00:00,ETHUSDT,1830.94,478852351.93996
2026-02-24T03:00:00+00:00,SOLUSDT,76.84,104542485.055
2026-02-24T04:00:00+00:00,BTCUSDT,63338.2,1173615820.5002
2026-02-24T04:00:00+00:00,ETHUSDT,1829.81,535301726.66712
2026-02-24T04:00:00+00:00,SOLUSDT,76.8,94574953.4112
2026-02-24T05:00:00+00:00,BTCUSDT,63067.5,763864328.0789
2026-02-24T05:00:00+00:00,ETHUSDT,1825.28,464882032.18183
2026-02-24T05:00:00+00:00,SOLUSDT,76.59,90109540.1422
2026-02-24T06:00:00+00:00,BTCUSDT,63050.4,378741166.0552
2026-02-24T06:00:00+00:00,ETHUSDT,1819.97,236389843.11549
2026-02-24T06:00:00+00:00,SOLUSDT,76.55,43691050.3728
2026-02-24T07:00:00+00:00,BTCUSDT,63155.3,407338653.6872
2026-02-24T07:00:00+00:00,ETHUSDT,1824.63,309927089.74679
2026-02-24T07:00:00+00:00,SOLUSDT,76.79,59337702.9277
2026-02-24T08:00:00+00:00,BTCUSDT,63357.2,350705323.0388
2026-02-24T08:00:00+00:00,ETHUSDT,1830.44,276969822.27554
2026-02-24T08:00:00+00:00,SOLUSDT,76.98,50717891.8884
2026-02-24T09:00:00+00:00,BTCUSDT,63213.3,366071145.1996
2026-02-24T09:00:00+00:00,ETHUSDT,1826.16,322869984.92683
2026-02-24T09:00:00+00:00,SOLUSDT,76.61,76094376.3018
2026-02-24T10:00:00+00:00,BTCUSDT,63250.0,196937129.0241
2026-02-24T10:00:00+00:00,ETHUSDT,1825.0,187377245.10696
2026-02-24T10:00:00+00:00,SOLUSDT,76.71,33711662.4667
2026-02-24T11:00:00+00:00,BTCUSDT,63192.2,214986871.7246
2026-02-24T11:00:00+00:00,ETHUSDT,1825.74,197002237.12858
2026-02-24T11:00:00+00:00,SOLUSDT,76.71,30360706.901
2026-02-24T12:00:00+00:00,BTCUSDT,62936.0,352432381.263
2026-02-24T12:00:00+00:00,ETHUSDT,1823.01,225966659.60334
2026-02-24T12:00:00+00:00,SOLUSDT,76.54,47543569.1937
2026-02-24T13:00:00+00:00,BTCUSDT,62877.0,1053980529.7624
2026-02-24T13:00:00+00:00,ETHUSDT,1814.6,907454306.72953
2026-02-24T13:00:00+00:00,SOLUSDT,76.52,82439000.7881
2026-02-24T14:00:00+00:00,BTCUSDT,63422.0,1212903651.6115
2026-02-24T14:00:00+00:00,ETHUSDT,1833.68,1128289297.19038
2026-02-24T14:00:00+00:00,SOLUSDT,76.83,201691229.8107
2026-02-24T15:00:00+00:00,BTCUSDT,63933.4,905471163.8798
2026-02-24T15:00:00+00:00,ETHUSDT,1846.37,702333412.28556
2026-02-24T15:00:00+00:00,SOLUSDT,77.25,103175099.8141
2026-02-24T16:00:00+00:00,BTCUSDT,64227.3,1122708272.0857
2026-02-24T16:00:00+00:00,ETHUSDT,1857.43,802308653.2134
2026-02-24T16:00:00+00:00,SOLUSDT,78.06,134474396.988
2026-02-24T17:00:00+00:00,BTCUSDT,64188.8,666012424.7339
2026-02-24T17:00:00+00:00,ETHUSDT,1854.39,514316447.81654
2026-02-24T17:00:00+00:00,SOLUSDT,77.93,88919693.3157
2026-02-24T18:00:00+00:00,BTCUSDT,64395.1,559568530.4062
2026-02-24T18:00:00+00:00,ETHUSDT,1854.01,236231388.77819
2026-02-24T18:00:00+00:00,SOLUSDT,78.14,53647939.9102
2026-02-24T19:00:00+00:00,BTCUSDT,64405.4,493262084.3868
2026-02-24T19:00:00+00:00,ETHUSDT,1851.56,208875427.50473
2026-02-24T19:00:00+00:00,SOLUSDT,78.32,50693194.3334
2026-02-24T20:00:00+00:00,BTCUSDT,64430.8,227821843.4473
2026-02-24T20:00:00+00:00,ETHUSDT,1857.53,144194698.83231
2026-02-24T20:00:00+00:00,SOLUSDT,78.61,65338575.5491
2026-02-24T21:00:00+00:00,BTCUSDT,64009.2,466119246.8064
2026-02-24T21:00:00+00:00,ETHUSDT,1852.97,163248873.5159
2026-02-24T21:00:00+00:00,SOLUSDT,78.48,51942268.4312
2026-02-24T22:00:00+00:00,BTCUSDT,64091.8,180197265.7857
2026-02-24T22:00:00+00:00,ETHUSDT,1859.66,136557424.00765
2026-02-24T22:00:00+00:00,SOLUSDT,79.02,57765641.628
2026-02-24T23:00:00+00:00,BTCUSDT,64031.3,237259252.5065
2026-02-24T23:00:00+00:00,ETHUSDT,1851.09,126923298.77556
2026-02-24T23:00:00+00:00,SOLUSDT,78.91,75719744.0783
2026-02-25T00:00:00+00:00,BTCUSDT,64188.9,215159993.078
2026-02-25T00:00:00+00:00,ETHUSDT,1850.95,155827707.70988
2026-02-25T00:00:00+00:00,SOLUSDT,79.14,50680302.4466
2026-02-25T01:00:00+00:00,BTCUSDT,65860.4,2229904157.2068
2026-02-25T01:00:00+00:00,ETHUSDT,1917.35,1509315425.30361
2026-02-25T01:00:00+00:00,SOLUSDT,81.94,343251094.9424
2026-02-25T02:00:00+00:00,BTCUSDT,65852.0,663804050.8326
2026-02-25T02:00:00+00:00,ETHUSDT,1919.95,693554529.83369
2026-02-25T02:00:00+00:00,SOLUSDT,82.41,149104289.1982
2026-02-25T03:00:00+00:00,BTCUSDT,65361.7,620201588.0923
2026-02-25T03:00:00+00:00,ETHUSDT,1905.37,468091267.10146
2026-02-25T03:00:00+00:00,SOLUSDT,81.72,97075642.7337
2026-02-25T04:00:00+00:00,BTCUSDT,65427.9,497145822.2763
2026-02-25T04:00:00+00:00,ETHUSDT,1905.23,453630831.57896
2026-02-25T04:00:00+00:00,SOLUSDT,81.93,109903867.9405
2026-02-25T05:00:00+00:00,BTCUSDT,64847.9,616947979.2144
2026-02-25T05:00:00+00:00,ETHUSDT,1887.09,637412920.12534
2026-02-25T05:00:00+00:00,SOLUSDT,81.26,115328820.9397
2026-02-25T06:00:00+00:00,BTCUSDT,64862.6,267054336.5465
2026-02-25T06:00:00+00:00,ETHUSDT,1884.21,202959899.54672
2026-02-25T06:00:00+00:00,SOLUSDT,81.53,63971092.2134
2026-02-25T07:00:00+00:00,BTCUSDT,65001.1,351496159.5224
2026-02-25T07:00:00+00:00,ETHUSDT,1892.35,190329033.96332
2026-02-25T07:00:00+00:00,SOLUSDT,82.13,76102958.1565
2026-02-25T08:00:00+00:00,BTCUSDT,65490.9,425511603.9424
2026-02-25T08:00:00+00:00,ETHUSDT,1909.42,428085742.93802
2026-02-25T08:00:00+00:00,SOLUSDT,82.44,79317197.1382
2026-02-25T09:00:00+00:00,BTCUSDT,65524.2,330254032.6256
2026-02-25T09:00:00+00:00,ETHUSDT,1914.4,280558664.40039
2026-02-25T09:00:00+00:00,SOLUSDT,82.49,67520526.6299
2026-02-25T10:00:00+00:00,BTCUSDT,65364.4,222003672.699
2026-02-25T10:00:00+00:00,ETHUSDT,1911.76,264298699.54127
2026-02-25T10:00:00+00:00,SOLUSDT,82.51,62809655.4362
2026-02-25T11:00:00+00:00,BTCUSDT,65396.7,268335700.2871
2026-02-25T11:00:00+00:00,ETHUSDT,1925.28,317137535.60908
2026-02-25T11:00:00+00:00,SOLUSDT,83.33,98197256.5636
2026-02-25T12:00:00+00:00,BTCUSDT,66038.7,812524152.7446
2026-02-25T12:00:00+00:00,ETHUSDT,1952.64,796090811.09259
2026-02-25T12:00:00+00:00,SOLUSDT,83.64,143752025.4609
2026-02-25T13:00:00+00:00,BTCUSDT,66209.5,1064795862.3996
2026-02-25T13:00:00+00:00,ETHUSDT,1963.88,907698771.5821
2026-02-25T13:00:00+00:00,SOLUSDT,83.78,149711746.6032
2026-02-25T14:00:00+00:00,BTCUSDT,66936.9,1191372456.2057
2026-02-25T14:00:00+00:00,ETHUSDT,1996.62,1220110977.63035
2026-02-25T14:00:00+00:00,SOLUSDT,85.59,228445049.8056
2026-02-25T15:00:00+00:00,BTCUSDT,67362.3,1546277178.5697
2026-02-25T15:00:00+00:00,ETHUSDT,2012.86,1454153320.91567
2026-02-25T15:00:00+00:00,SOLUSDT,85.92,249978452.5381
2026-02-25T16:00:00+00:00,BTCUSDT,68249.9,1366346790.3798
2026-02-25T16:00:00+00:00,ETHUSDT,2045.53,1079800923.97065
2026-02-25T16:00:00+00:00,SOLUSDT,87.5,251452416.723
2026-02-25T17:00:00+00:00,BTCUSDT,68625.6,1488993815.7935
2026-02-25T17:00:00+00:00,ETHUSDT,2073.1,1381256437.76947
2026-02-25T17:00:00+00:00,SOLUSDT,88.52,244035584.6644
2026-02-25T18:00:00+00:00,BTCUSDT,69293.3,1605380714.5554
2026-02-25T18:00:00+00:00,ETHUSDT,2073.2,753830725.43256
2026-02-25T18:00:00+00:00,SOLUSDT,88.91,156821757.2565
2026-02-25T19:00:00+00:00,BTCUSDT,69005.2,829762921.1301
2026-02-25T19:00:00+00:00,ETHUSDT,2070.32,378939528.82392
2026-02-25T19:00:00+00:00,SOLUSDT,89.39,133589589.3508
2026-02-25T20:00:00+00:00,BTCUSDT,69104.9,773461622.7836
2026-02-25T20:00:00+00:00,ETHUSDT,2073.76,547986603.46067
2026-02-25T20:00:00+00:00,SOLUSDT,89.34,154083340.289
2026-02-25T21:00:00+00:00,BTCUSDT,68874.2,1168970041.2012
2026-02-25T21:00:00+00:00,ETHUSDT,2099.46,1433396809.38193
2026-02-25T21:00:00+00:00,SOLUSDT,89.81,261160137.3897
2026-02-25T22:00:00+00:00,BTCUSDT,68402.0,721190191.254
2026-02-25T22:00:00+00:00,ETHUSDT,2082.11,575192177.12953
2026-02-25T22:00:00+00:00,SOLUSDT,89.07,140918339.7787
2026-02-25T23:00:00+00:00,BTCUSDT,67952.5,787651652.071
2026-02-25T23:00:00+00:00,ETHUSDT,2056.5,793640708.47726
2026-02-25T23:00:00+00:00,SOLUSDT,88.01,189109517.219
2026-02-26T00:00:00+00:00,BTCUSDT,68294.4,634969947.0848
2026-02-26T00:00:00+00:00,ETHUSDT,2061.25,519985168.78042
2026-02-26T00:00:00+00:00,SOLUSDT,88.55,157310457.2102
2026-02-26T01:00:00+00:00,BTCUSDT,68213.9,397842259.7393
2026-02-26T01:00:00+00:00,ETHUSDT,2057.38,276906525.39959
2026-02-26T01:00:00+00:00,SOLUSDT,88.39,66968235.8723
2026-02-26T02:00:00+00:00,BTCUSDT,68219.2,401973297.1161
2026-02-26T02:00:00+00:00,ETHUSDT,2052.07,358345341.31632
2026-02-26T02:00:00+00:00,SOLUSDT,88.16,91159763.6276
2026-02-26T03:00:00+00:00,BTCUSDT,68187.5,213987541.3964
2026-02-26T03:00:00+00:00,ETHUSDT,2053.15,179113323.26935
2026-02-26T03:00:00+00:00,SOLUSDT,87.91,44588849.8509
2026-02-26T04:00:00+00:00,BTCUSDT,68533.1,434711934.2091
2026-02-26T04:00:00+00:00,ETHUSDT,2073.87,456147581.53484
2026-02-26T04:00:00+00:00,SOLUSDT,88.68,73435769.8929
2026-02-26T05:00:00+00:00,BTCUSDT,68408.2,362916178.8808
2026-02-26T05:00:00+00:00,ETHUSDT,2065.19,322811119.10889
2026-02-26T05:00:00+00:00,SOLUSDT,87.72,93892377.4395
2026-02-26T06:00:00+00:00,BTCUSDT,68146.1,235262551.3785
2026-02-26T06:00:00+00:00,ETHUSDT,2061.54,251338004.39031
2026-02-26T06:00:00+00:00,SOLUSDT,87.59,47064902.2247
2026-02-26T07:00:00+00:00,BTCUSDT,67800.0,333478716.532
2026-02-26T07:00:00+00:00,ETHUSDT,2052.48,241102889.73421
2026-02-26T07:00:00+00:00,SOLUSDT,87.21,54117525.5586
2026-02-26T08:00:00+00:00,BTCUSDT,67923.3,384850319.05
2026-02-26T08:00:00+00:00,ETHUSDT,2053.32,401232059.68685
2026-02-26T08:00:00+00:00,SOLUSDT,87.24,64358665.0874
2026-02-26T09:00:00+00:00,BTCUSDT,68553.0,516873563.1527
2026-02-26T09:00:00+00:00,ETHUSDT,2073.9,426092847.48388
2026-02-26T09:00:00+00:00,SOLUSDT,88.27,114018537.5295
2026-02-26T10:00:00+00:00,BTCUSDT,68271.9,388418636.5
2026-02-26T10:00:00+00:00,ETHUSDT,2064.38,321622967.81568
2026-02-26T10:00:00+00:00,SOLUSDT,87.4,76183585.3325
2026-02-26T11:00:00+00:00,BTCUSDT,68025.2,281556612.0461
2026-02-26T11:00:00+00:00,ETHUSDT,2056.51,212696488.43762
2026-02-26T11:00:00+00:00,SOLUSDT,86.76,93929419.0102
2026-02-26T12:00:00+00:00,BTCUSDT,68140.9,310902320.4422
2026-02-26T12:00:00+00:00,ETHUSDT,2069.2,244336889.80872
2026-02-26T12:00:00+00:00,SOLUSDT,87.63,59212747.8823
2026-02-26T13:00:00+00:00,BTCUSDT,67877.8,345874550.5543
2026-02-26T13:00:00+00:00,ETHUSDT,2064.21,219203616.61051
2026-02-26T13:00:00+00:00,SOLUSDT,87.57,52236670.1892
2026-02-26T14:00:00+00:00,BTCUSDT,67659.8,1256401135.3032
2026-02-26T14:00:00+00:00,ETHUSDT,2050.22,964388328.60655
2026-02-26T14:00:00+00:00,SOLUSDT,86.97,181590354.5518
2026-02-26T15:00:00+00:00,BTCUSDT,67353.4,1491706554.2312
2026-02-26T15:00:00+00:00,ETHUSDT,2032.33,1488680193.01903
2026-02-26T15:00:00+00:00,SOLUSDT,86.52,253937346.1549
2026-02-26T16:00:00+00:00,BTCUSDT,66617.3,1172023353.3593
2026-02-26T16:00:00+00:00,ETHUSDT,1982.89,1333808684.66862
2026-02-26T16:00:00+00:00,SOLUSDT,84.53,234522453.1291
2026-02-26T17:00:00+00:00,BTCUSDT,66795.5,617977124.1717
2026-02-26T17:00:00+00:00,ETHUSDT,1987.45,609200879.93972
2026-02-26T17:00:00+00:00,SOLUSDT,84.85,119417001.1971
2026-02-26T18:00:00+00:00,BTCUSDT,67268.9,722943828.43
2026-02-26T18:00:00+00:00,ETHUSDT,2003.1,707906396.76832
2026-02-26T18:00:00+00:00,SOLUSDT,85.33,113076708.8894
2026-02-26T19:00:00+00:00,BTCUSDT,67550.7,660912502.2587
2026-02-26T19:00:00+00:00,ETHUSDT,2029.0,543843211.94378
2026-02-26T19:00:00+00:00,SOLUSDT,86.41,118530539.4697
2026-02-26T20:00:00+00:00,BTCUSDT,67386.5,338503003.4659
2026-02-26T20:00:00+00:00,ETHUSDT,2022.6,332254241.47504
2026-02-26T20:00:00+00:00,SOLUSDT,85.98,64324313.1502
2026-02-26T21:00:00+00:00,BTCUSDT,67432.1,216647689.5897
2026-02-26T21:00:00+00:00,ETHUSDT,2029.48,176561937.82916
2026-02-26T21:00:00+00:00,SOLUSDT,85.89,42573347.2831
2026-02-26T22:00:00+00:00,BTCUSDT,67531.4,143578143.866
2026-02-26T22:00:00+00:00,ETHUSDT,2032.15,114374037.59047
2026-02-26T22:00:00+00:00,SOLUSDT,86.08,23660498.2421
2026-02-26T23:00:00+00:00,BTCUSDT,67448.2,170106249.5997
2026-02-26T23:00:00+00:00,ETHUSDT,2026.71,124876276.67573
2026-02-26T23:00:00+00:00,SOLUSDT,85.86,27411115.1189
2026-02-27T00:00:00+00:00,BTCUSDT,67190.3,363901058.063
2026-02-27T00:00:00+00:00,ETHUSDT,2013.83,290151843.59622
2026-02-27T00:00:00+00:00,SOLUSDT,85.8,64387539.4961
2026-02-27T01:00:00+00:00,BTCUSDT,67315.9,503944075.2623
2026-02-27T01:00:00+00:00,ETHUSDT,2020.73,493495606.58985
2026-02-27T01:00:00+00:00,SOLUSDT,86.09,82325364.006
2026-02-27T02:00:00+00:00,BTCUSDT,67226.5,297414876.7895
2026-02-27T02:00:00+00:00,ETHUSDT,2025.17,219807919.47352
2026-02-27T02:00:00+00:00,SOLUSDT,86.52,49793161.9897
2026-02-27T03:00:00+00:00,BTCUSDT,67557.4,334476377.5054
2026-02-27T03:00:00+00:00,ETHUSDT,2044.48,327416403.17097
2026-02-27T03:00:00+00:00,SOLUSDT,87.57,80608990.421
2026-02-27T04:00:00+00:00,BTCUSDT,67709.2,787540115.1914
2026-02-27T04:00:00+00:00,ETHUSDT,2041.8,633503962.18018
2026-02-27T04:00:00+00:00,SOLUSDT,87.49,120309483.1591
2026-02-27T05:00:00+00:00,BTCUSDT,67685.8,237880741.3999
2026-02-27T05:00:00+00:00,ETHUSDT,2040.68,190246971.02204
2026-02-27T05:00:00+00:00,SOLUSDT,87.48,43800473.5234
2026-02-27T06:00:00+00:00,BTCUSDT,67617.1,231395342.3713
2026-02-27T06:00:00+00:00,ETHUSDT,2034.91,255446098.64666
2026-02-27T06:00:00+00:00,SOLUSDT,87.28,68202924.9178
2026-02-27T07:00:00+00:00,BTCUSDT,67644.1,287001908.7696
2026-02-27T07:00:00+00:00,ETHUSDT,2031.54,294092435.68407
2026-02-27T07:00:00+00:00,SOLUSDT,87.26,62249953.6592
2026-02-27T08:00:00+00:00,BTCUSDT,67897.4,375882789.7266
2026-02-27T08:00:00+00:00,ETHUSDT,2032.63,326117338.21016
2026-02-27T08:00:00+00:00,SOLUSDT,87.52,78702342.6052
2026-02-27T09:00:00+00:00,BTCUSDT,67318.4,553147516.1985
2026-02-27T09:00:00+00:00,ETHUSDT,2008.8,459145441.18432
2026-02-27T09:00:00+00:00,SOLUSDT,86.27,90025154.7179
2026-02-27T10:00:00+00:00,BTCUSDT,66575.1,1160068237.51
2026-02-27T10:00:00+00:00,ETHUSDT,1979.6,955700053.97145
2026-02-27T10:00:00+00:00,SOLUSDT,84.65,152044715.4394
2026-02-27T11:00:00+00:00,BTCUSDT,66094.1,1269809283.7394
2026-02-27T11:00:00+00:00,ETHUSDT,1960.79,861071499.38602
2026-02-27T11:00:00+00:00,SOLUSDT,83.53,161021254.4378
2026-02-27T12:00:00+00:00,BTCUSDT,65902.4,707723160.4589
2026-02-27T12:00:00+00:00,ETHUSDT,1958.77,560678676.96657
2026-02-27T12:00:00+00:00,SOLUSDT,83.05,139271131.3895
2026-02-27T13:00:00+00:00,BTCUSDT,66240.0,1022891085.4983
2026-02-27T13:00:00+00:00,ETHUSDT,1962.04,770826919.95941
2026-02-27T13:00:00+00:00,SOLUSDT,83.01,227396011.2955
2026-02-27T14:00:00+00:00,BTCUSDT,65855.5,1101481989.2851
2026-02-27T14:00:00+00:00,ETHUSDT,1941.91,708570542.86901
2026-02-27T14:00:00+00:00,SOLUSDT,82.32,158758110.2547
2026-02-27T15:00:00+00:00,BTCUSDT,66072.6,726379091.3778
2026-02-27T15:00:00+00:00,ETHUSDT,1947.39,574005738.13157
2026-02-27T15:00:00+00:00,SOLUSDT,82.64,126373776.3375
2026-02-27T16:00:00+00:00,BTCUSDT,65449.3,889792845.389
2026-02-27T16:00:00+00:00,ETHUSDT,1926.01,808009764.81684
2026-02-27T16:00:00+00:00,SOLUSDT,81.29,162926062.6051
2026-02-27T17:00:00+00:00,BTCUSDT,65673.0,840054044.2955
2026-02-27T17:00:00+00:00,ETHUSDT,1930.99,802133624.72086
2026-02-27T17:00:00+00:00,SOLUSDT,81.78,122392964.7364
2026-02-27T18:00:00+00:00,BTCUSDT,65284.8,418890504.6911
2026-02-27T18:00:00+00:00,ETHUSDT,1917.03,319240871.46934
2026-02-27T18:00:00+00:00,SOLUSDT,81.45,71304828.7958
2026-02-27T19:00:00+00:00,BTCUSDT,65365.4,323494698.4455
2026-02-27T19:00:00+00:00,ETHUSDT,1920.02,224917996.91794
2026-02-27T19:00:00+00:00,SOLUSDT,81.52,43005581.1977
2026-02-27T20:00:00+00:00,BTCUSDT,65564.2,271199409.0336
2026-02-27T20:00:00+00:00,ETHUSDT,1922.12,176469706.56199
2026-02-27T20:00:00+00:00,SOLUSDT,81.41,66370750.9684
2026-02-27T21:00:00+00:00,BTCUSDT,65502.3,217863217.7949
2026-02-27T21:00:00+00:00,ETHUSDT,1920.31,255384695.9879
2026-02-27T21:00:00+00:00,SOLUSDT,81.17,69534754.2715
2026-02-27T22:00:00+00:00,BTCUSDT,65609.0,467199649.5461
2026-02-27T22:00:00+00:00,ETHUSDT,1920.1,647188446.82161
2026-02-27T22:00:00+00:00,SOLUSDT,81.38,87052334.182
2026-02-27T23:00:00+00:00,BTCUSDT,65836.0,287220415.6395
2026-02-27T23:00:00+00:00,ETHUSDT,1928.5,207124832.59721
2026-02-27T23:00:00+00:00,SOLUSDT,81.8,70988461.8915
2026-02-28T00:00:00+00:00,BTCUSDT,65906.3,245757673.5923
2026-02-28T00:00:00+00:00,ETHUSDT,1931.21,185286436.92264
2026-02-28T00:00:00+00:00,SOLUSDT,82.06,48612618.1681
2026-02-28T01:00:00+00:00,BTCUSDT,65747.2,163049816.7543
2026-02-28T01:00:00+00:00,ETHUSDT,1923.38,178822745.2211
2026-02-28T01:00:00+00:00,SOLUSDT,81.73,38726830.9668
2026-02-28T02:00:00+00:00,BTCUSDT,65926.9,130918635.4637
2026-02-28T02:00:00+00:00,ETHUSDT,1929.14,94545599.36995
2026-02-28T02:00:00+00:00,SOLUSDT,82.07,23677783.8738
2026-02-28T03:00:00+00:00,BTCUSDT,65763.8,162565344.6732
2026-02-28T03:00:00+00:00,ETHUSDT,1923.33,124473468.31082
2026-02-28T03:00:00+00:00,SOLUSDT,81.69,33164184.083
2026-02-28T04:00:00+00:00,BTCUSDT,65632.0,281691345.0947
2026-02-28T04:00:00+00:00,ETHUSDT,1924.24,212340756.18391
2026-02-28T04:00:00+00:00,SOLUSDT,81.59,45386885.993
2026-02-28T05:00:00+00:00,BTCUSDT,65558.6,180383591.6988
2026-02-28T05:00:00+00:00,ETHUSDT,1919.15,126448575.79766
2026-02-28T05:00:00+00:00,SOLUSDT,81.5,24887357.3182
2026-02-28T06:00:00+00:00,BTCUSDT,63173.8,2766509810.4727
2026-02-28T06:00:00+00:00,ETHUSDT,1841.51,1823989627.05254
2026-02-28T06:00:00+00:00,SOLUSDT,77.48,427830574.2828
2026-02-28T07:00:00+00:00,BTCUSDT,63788.4,1722992765.0474
2026-02-28T07:00:00+00:00,ETHUSDT,1865.36,1240617827.70699
2026-02-28T07:00:00+00:00,SOLUSDT,78.63,285712675.8404
2026-02-28T08:00:00+00:00,BTCUSDT,63439.7,724887112.1008
2026-02-28T08:00:00+00:00,ETHUSDT,1851.43,597329478.06537
2026-02-28T08:00:00+00:00,SOLUSDT,77.95,104819712.9931
2026-02-28T09:00:00+00:00,BTCUSDT,63621.4,466366251.0836
2026-02-28T09:00:00+00:00,ETHUSDT,1853.91,349277437.9145
2026-02-28T09:00:00+00:00,SOLUSDT,78.34,85372849.2228
2026-02-28T10:00:00+00:00,BTCUSDT,63964.5,480211545.9169
2026-02-28T10:00:00+00:00,ETHUSDT,1863.94,361836762.80435
2026-02-28T10:00:00+00:00,SOLUSDT,79.05,107028841.5872
2026-02-28T11:00:00+00:00,BTCUSDT,63810.4,617996687.9694
2026-02-28T11:00:00+00:00,ETHUSDT,1862.27,416623804.17812
2026-02-28T11:00:00+00:00,SOLUSDT,78.71,86263355.1071
2026-02-28T12:00:00+00:00,BTCUSDT,63980.0,259653360.1281
2026-02-28T12:00:00+00:00,ETHUSDT,1867.52,204543031.02105
2026-02-28T12:00:00+00:00,SOLUSDT,78.86,52123269.5411
2026-02-28T13:00:00+00:00,BTCUSDT,65069.5,1238242743.6511
2026-02-28T13:00:00+00:00,ETHUSDT,1904.31,866186188.40503
2026-02-28T13:00:00+00:00,SOLUSDT,80.75,211686566.5132
2026-02-28T14:00:00+00:00,BTCUSDT,64402.4,1442338609.255
2026-02-28T14:00:00+00:00,ETHUSDT,1886.83,1035797023.01581
2026-02-28T14:00:00+00:00,SOLUSDT,80.19,232279786.7402
2026-02-28T15:00:00+00:00,BTCUSDT,64800.0,652549046.9538
2026-02-28T15:00:00+00:00,ETHUSDT,1897.78,544448846.93297
2026-02-28T15:00:00+00:00,SOLUSDT,80.87,127433061.6803
2026-02-28T16:00:00+00:00,BTCUSDT,65053.8,353371681.0021
2026-02-28T16:00:00+00:00,ETHUSDT,1902.77,299406982.27994
2026-02-28T16:00:00+00:00,SOLUSDT,81.02,78468879.4993
2026-02-28T17:00:00+00:00,BTCUSDT,65395.4,461820587.5523
2026-02-28T17:00:00+00:00,ETHUSDT,1905.82,391987038.27817
2026-02-28T17:00:00+00:00,SOLUSDT,81.33,60626463.9439
2026-02-28T18:00:00+00:00,BTCUSDT,65873.0,752480449.0066
2026-02-28T18:00:00+00:00,ETHUSDT,1934.87,732746713.40274
2026-02-28T18:00:00+00:00,SOLUSDT,82.29,137605905.3058
2026-02-28T19:00:00+00:00,BTCUSDT,66318.1,1003162536.0978
2026-02-28T19:00:00+00:00,ETHUSDT,1945.78,657834727.79862
2026-02-28T19:00:00+00:00,SOLUSDT,82.15,142489313.8193
2026-02-28T20:00:00+00:00,BTCUSDT,66918.6,834081166.2172
2026-02-28T20:00:00+00:00,ETHUSDT,1964.57,683133763.11401
2026-02-28T20:00:00+00:00,SOLUSDT,84.83,232226062.531
2026-02-28T21:00:00+00:00,BTCUSDT,66684.8,673639352.909
2026-02-28T21:00:00+00:00,ETHUSDT,1956.8,443537821.76358
2026-02-28T21:00:00+00:00,SOLUSDT,84.44,131577583.3841
2026-02-28T22:00:00+00:00,BTCUSDT,67081.4,768707756.3691
2026-02-28T22:00:00+00:00,ETHUSDT,1964.46,419016668.50384
2026-02-28T22:00:00+00:00,SOLUSDT,84.25,90779477.6108
2026-02-28T23:00:00+00:00,BTCUSDT,66937.1,356568486.5854
2026-02-28T23:00:00+00:00,ETHUSDT,1963.48,181859865.67702
2026-02-28T23:00:00+00:00,SOLUSDT,84.29,62918094.2571
2026-03-01T00:00:00+00:00,BTCUSDT,66755.6,364278666.1558
2026-03-01T00:00:00+00:00,ETHUSDT,1961.67,225581192.1853
2026-03-01T00:00:00+00:00,SOLUSDT,84.82,71775548.5491
2026-03-01T01:00:00+00:00,BTCUSDT,67311.6,1485682589.0891
2026-03-01T01:00:00+00:00,ETHUSDT,2011.62,1117614473.39153
2026-03-01T01:00:00+00:00,SOLUSDT,86.7,210395182.4851
2026-03-01T02:00:00+00:00,BTCUSDT,67588.3,1445351587.0869
2026-03-01T02:00:00+00:00,ETHUSDT,2032.18,1387272432.96198
2026-03-01T02:00:00+00:00,SOLUSDT,87.92,260910198.8648
2026-03-01T03:00:00+00:00,BTCUSDT,67474.7,511193166.0203
2026-03-01T03:00:00+00:00,ETHUSDT,2022.29,445281872.19318
2026-03-01T03:00:00+00:00,SOLUSDT,87.98,93873271.5
2026-03-01T04:00:00+00:00,BTCUSDT,67313.0,478727678.7546
2026-03-01T04:00:00+00:00,ETHUSDT,2014.86,614022959.00775
2026-03-01T04:00:00+00:00,SOLUSDT,87.5,127493941.0913
2026-03-01T05:00:00+00:00,BTCUSDT,67264.2,311568760.988
2026-03-01T05:00:00+00:00,ETHUSDT,2010.44,247296513.31033
2026-03-01T05:00:00+00:00,SOLUSDT,87.23,58993050.9418
2026-03-01T06:00:00+00:00,BTCUSDT,66890.1,555493898.6158
2026-03-01T06:00:00+00:00,ETHUSDT,1997.6,555617929.0435
2026-03-01T06:00:00+00:00,SOLUSDT,86.63,124731223.3505
2026-03-01T07:00:00+00:00,BTCUSDT,67113.9,296854689.2786
2026-03-01T07:00:00+00:00,ETHUSDT,2006.27,278822829.09612
2026-03-01T07:00:00+00:00,SOLUSDT,86.58,55402176.3098
2026-03-01T08:00:00+00:00,BTCUSDT,66535.0,526044902.8385
2026-03-01T08:00:00+00:00,ETHUSDT,1985.24,412938962.00655
2026-03-01T08:00:00+00:00,SOLUSDT,85.17,109374768.8143
2026-03-01T09:00:00+00:00,BTCUSDT,66380.1,527755365.5784
2026-03-01T09:00:00+00:00,ETHUSDT,1979.92,450016503.73014
2026-03-01T09:00:00+00:00,SOLUSDT,84.96,114982601.9003
2026-03-01T10:00:00+00:00,BTCUSDT,66430.0,417584224.9456
2026-03-01T10:00:00+00:00,ETHUSDT,1983.91,416632011.86835
2026-03-01T10:00:00+00:00,SOLUSDT,85.18,85847131.4727
2026-03-01T11:00:00+00:00,BTCUSDT,66439.0,215154403.3606
2026-03-01T11:00:00+00:00,ETHUSDT,1982.3,129213048.46906
2026-03-01T11:00:00+00:00,SOLUSDT,85.13,39215059.2464
2026-03-01T12:00:00+00:00,BTCUSDT,66270.6,229517659.6532
2026-03-01T12:00:00+00:00,ETHUSDT,1977.48,199546078.80756
2026-03-01T12:00:00+00:00,SOLUSDT,84.84,55646339.8564
2026-03-01T13:00:00+00:00,BTCUSDT,66907.1,874833620.4118
2026-03-01T13:00:00+00:00,ETHUSDT,2005.86,829570223.56712
2026-03-01T13:00:00+00:00,SOLUSDT,86.02,184336185.7967
2026-03-01T14:00:00+00:00,BTCUSDT,66817.5,569143605.9631
2026-03-01T14:00:00+00:00,ETHUSDT,1999.13,698930983.31323
2026-03-01T14:00:00+00:00,SOLUSDT,85.75,129906704.9371
2026-03-01T15:00:00+00:00,BTCUSDT,66810.8,429211525.8586
2026-03-01T15:00:00+00:00,ETHUSDT,1992.31,454834288.54771
2026-03-01T15:00:00+00:00,SOLUSDT,85.61,97627154.7878
2026-03-01T16:00:00+00:00,BTCUSDT,66112.2,987760185.0714
2026-03-01T16:00:00+00:00,ETHUSDT,1973.35,945273359.90925
2026-03-01T16:00:00+00:00,SOLUSDT,83.96,212252756.3158
2026-03-01T17:00:00+00:00,BTCUSDT,65956.8,690074544.1739
2026-03-01T17:00:00+00:00,ETHUSDT,1960.05,553729887.95081
2026-03-01T17:00:00+00:00,SOLUSDT,83.85,152232895.4661
2026-03-01T18:00:00+00:00,BTCUSDT,66288.1,531755344.6641
2026-03-01T18:00:00+00:00,ETHUSDT,1974.7,644737006.12678
2026-03-01T18:00:00+00:00,SOLUSDT,83.89,119767841.628
2026-03-01T19:00:00+00:00,BTCUSDT,65926.0,378663043.6499
2026-03-01T19:00:00+00:00,ETHUSDT,1952.97,444727934.96831
2026-03-01T19:00:00+00:00,SOLUSDT,83.19,70678961.6712
2026-03-01T20:00:00+00:00,BTCUSDT,65255.7,751571572.2762
2026-03-01T20:00:00+00:00,ETHUSDT,1912.78,973860270.17236
2026-03-01T20:00:00+00:00,SOLUSDT,81.93,148608967.5497
2026-03-01T21:00:00+00:00,BTCUSDT,65629.3,314814230.2098
2026-03-01T21:00:00+00:00,ETHUSDT,1927.63,333222499.83468
2026-03-01T21:00:00+00:00,SOLUSDT,82.89,78185257.6595
2026-03-01T22:00:00+00:00,BTCUSDT,65241.0,1107664024.2472
2026-03-01T22:00:00+00:00,ETHUSDT,1923.62,729003791.42491
2026-03-01T22:00:00+00:00,SOLUSDT,82.68,141632240.2171
2026-03-01T23:00:00+00:00,BTCUSDT,65750.0,594840752.6745
2026-03-01T23:00:00+00:00,ETHUSDT,1938.57,431301430.31278
2026-03-01T23:00:00+00:00,SOLUSDT,83.55,102142160.522
2026-03-02T00:00:00+00:00,BTCUSDT,66472.5,610057871.3528
2026-03-02T00:00:00+00:00,ETHUSDT,1959.77,386943064.44868
2026-03-02T00:00:00+00:00,SOLUSDT,84.95,116412518.6118
2026-03-02T01:00:00+00:00,BTCUSDT,66500.0,496041218.2727
2026-03-02T01:00:00+00:00,ETHUSDT,1962.83,443658754.09558
2026-03-02T01:00:00+00:00,SOLUSDT,84.58,116829955.2621
2026-03-02T02:00:00+00:00,BTCUSDT,66242.2,427607332.7159
2026-03-02T02:00:00+00:00,ETHUSDT,1954.47,394952771.68724
2026-03-02T02:00:00+00:00,SOLUSDT,84.11,87835292.0394
2026-03-02T03:00:00+00:00,BTCUSDT,66787.3,462450930.8434
2026-03-02T03:00:00+00:00,ETHUSDT,1971.36,379953283.71453
2026-03-02T03:00:00+00:00,SOLUSDT,84.74,75199129.4203
2026-03-02T04:00:00+00:00,BTCUSDT,66825.1,327087078.3363
2026-03-02T04:00:00+00:00,ETHUSDT,1972.14,212482328.2568
2026-03-02T04:00:00+00:00,SOLUSDT,84.25,55424114.014
2026-03-02T05:00:00+00:00,BTCUSDT,66701.2,269644657.9777
2026-03-02T05:00:00+00:00,ETHUSDT,1969.99,216839631.47228
2026-03-02T05:00:00+00:00,SOLUSDT,84.17,46971191.1894
2026-03-02T06:00:00+00:00,BTCUSDT,66176.9,410227247.5254
2026-03-02T06:00:00+00:00,ETHUSDT,1942.38,497086542.36923
2026-03-02T06:00:00+00:00,SOLUSDT,83.18,99616892.3751
2026-03-02T07:00:00+00:00,BTCUSDT,65981.3,577540634.2173
2026-03-02T07:00:00+00:00,ETHUSDT,1940.25,388867886.70306
2026-03-02T07:00:00+00:00,SOLUSDT,82.9,80734602.6184
2026-03-02T08:00:00+00:00,BTCUSDT,66247.9,506562443.4221
2026-03-02T08:00:00+00:00,ETHUSDT,1947.97,582616874.99139
2026-03-02T08:00:00+00:00,SOLUSDT,83.4,106177996.6421
2026-03-02T09:00:00+00:00,BTCUSDT,66132.3,563165629.8166
2026-03-02T09:00:00+00:00,ETHUSDT,1946.65,515057837.59457
2026-03-02T09:00:00+00:00,SOLUSDT,83.6,91992327.1238
2026-03-02T10:00:00+00:00,BTCUSDT,66284.0,246291473.6411
2026-03-02T10:00:00+00:00,ETHUSDT,1951.01,245609943.94775
2026-03-02T10:00:00+00:00,SOLUSDT,83.85,77688282.5201
2026-03-02T11:00:00+00:00,BTCUSDT,66329.9,394078548.6104
2026-03-02T11:00:00+00:00,ETHUSDT,1946.56,351676785.66676
2026-03-02T11:00:00+00:00,SOLUSDT,83.85,70105107.743
2026-03-02T12:00:00+00:00,BTCUSDT,65927.8,287729011.1641
2026-03-02T12:00:00+00:00,ETHUSDT,1936.88,269644706.21747
2026-03-02T12:00:00+00:00,SOLUSDT,83.64,50112885.749
2026-03-02T13:00:00+00:00,BTCUSDT,65412.3,679204222.7436
2026-03-02T13:00:00+00:00,ETHUSDT,1926.43,451795828.08106
2026-03-02T13:00:00+00:00,SOLUSDT,83.03,100203482.8692
2026-03-02T14:00:00+00:00,BTCUSDT,67128.7,1821077342.9965
2026-03-02T14:00:00+00:00,ETHUSDT,1978.53,1552732374.7125
2026-03-02T14:00:00+00:00,SOLUSDT,85.61,288199463.9485
2026-03-02T15:00:00+00:00,BTCUSDT,69089.1,4000693054.5786
2026-03-02T15:00:00+00:00,ETHUSDT,2046.39,2573445402.80503
2026-03-02T15:00:00+00:00,SOLUSDT,88.74,496834573.3036
2026-03-02T16:00:00+00:00,BTCUSDT,69395.6,2393757525.9798
2026-03-02T16:00:00+00:00,ETHUSDT,2063.35,1665869461.86245
2026-03-02T16:00:00+00:00,SOLUSDT,88.82,358682244.3692
2026-03-02T17:00:00+00:00,BTCUSDT,69170.3,1036395117.2995
2026-03-02T17:00:00+00:00,ETHUSDT,2040.12,832287234.73069
2026-03-02T17:00:00+00:00,SOLUSDT,87.57,242051290.5585
2026-03-02T18:00:00+00:00,BTCUSDT,68853.8,686174118.7061
2026-03-02T18:00:00+00:00,ETHUSDT,2028.33,406665558.10544
2026-03-02T18:00:00+00:00,SOLUSDT,87.28,111908498.7414
2026-03-02T19:00:00+00:00,BTCUSDT,68928.4,682784533.974
2026-03-02T19:00:00+00:00,ETHUSDT,2042.44,479323775.177
2026-03-02T19:00:00+00:00,SOLUSDT,87.62,93263244.8662
2026-03-02T20:00:00+00:00,BTCUSDT,69054.2,792407377.0701
2026-03-02T20:00:00+00:00,ETHUSDT,2034.17,613013874.26282
2026-03-02T20:00:00+00:00,SOLUSDT,87.5,112956198.9874
2026-03-02T21:00:00+00:00,BTCUSDT,69366.9,341067607.6381
2026-03-02T21:00:00+00:00,ETHUSDT,2042.12,213318740.17981
2026-03-02T21:00:00+00:00,SOLUSDT,87.49,75965204.3616
2026-03-02T22:00:00+00:00,BTCUSDT,69414.2,306837317.0374
2026-03-02T22:00:00+00:00,ETHUSDT,2052.99,230980391.70465
2026-03-02T22:00:00+00:00,SOLUSDT,87.98,56138784.4326
2026-03-02T23:00:00+00:00,BTCUSDT,68801.8,478520370.5729
2026-03-02T23:00:00+00:00,ETHUSDT,2026.69,313264572.03378
2026-03-02T23:00:00+00:00,SOLUSDT,86.59,104956793.6296
2026-03-03T00:00:00+00:00,BTCUSDT,69051.9,404611555.4285
2026-03-03T00:00:00+00:00,ETHUSDT,2034.52,332862707.67561
2026-03-03T00:00:00+00:00,SOLUSDT,86.85,104437279.7907
2026-03-03T01:00:00+00:00,BTCUSDT,68724.6,332976720.3731
2026-03-03T01:00:00+00:00,ETHUSDT,2018.87,301468985.32083
2026-03-03T01:00:00+00:00,SOLUSDT,86.1,51270418.9809
2026-03-03T02:00:00+00:00,BTCUSDT,68478.1,684407897.3456
2026-03-03T02:00:00+00:00,ETHUSDT,2012.68,593499886.0435
2026-03-03T02:00:00+00:00,SOLUSDT,86.15,96324109.9985
2026-03-03T03:00:00+00:00,BTCUSDT,68349.3,269971254.6954
2026-03-03T03:00:00+00:00,ETHUSDT,2007.69,203792170.30968
2026-03-03T03:00:00+00:00,SOLUSDT,86.23,42234757.0163
2026-03-03T04:00:00+00:00,BTCUSDT,68093.0,282292348.5191
2026-03-03T04:00:00+00:00,ETHUSDT,1998.74,203555209.88452
2026-03-03T04:00:00+00:00,SOLUSDT,85.8,44566285.1739
2026-03-03T05:00:00+00:00,BTCUSDT,67911.6,637843854.2321
2026-03-03T05:00:00+00:00,ETHUSDT,1992.46,651594964.52246
2026-03-03T05:00:00+00:00,SOLUSDT,85.73,110088015.0456
2026-03-03T06:00:00+00:00,BTCUSDT,68070.0,444260594.4842
2026-03-03T06:00:00+00:00,ETHUSDT,1998.27,275954781.21657
2026-03-03T06:00:00+00:00,SOLUSDT,85.78,60887068.4263
2026-03-03T07:00:00+00:00,BTCUSDT,68138.3,350224008.7
2026-03-03T07:00:00+00:00,ETHUSDT,1995.27,240860006.86687
2026-03-03T07:00:00+00:00,SOLUSDT,85.53,78803038.5505
2026-03-03T08:00:00+00:00,BTCUSDT,66972.7,1267346988.8754
2026-03-03T08:00:00+00:00,ETHUSDT,1952.11,1100332931.0071
2026-03-03T08:00:00+00:00,SOLUSDT,84.2,154591832.0945
2026-03-03T09:00:00+00:00,BTCUSDT,66614.5,1276839963.1504
2026-03-03T09:00:00+00:00,ETHUSDT,1950.21,1040846552.1797
2026-03-03T09:00:00+00:00,SOLUSDT,84.23,131954735.2895
2026-03-03T10:00:00+00:00,BTCUSDT,66826.3,726629560.2629
2026-03-03T10:00:00+00:00,ETHUSDT,1956.77,447926764.1571
2026-03-03T10:00:00+00:00,SOLUSDT,83.86,123351277.5967
2026-03-03T11:00:00+00:00,BTCUSDT,67000.0,586835407.386
2026-03-03T11:00:00+00:00,ETHUSDT,1960.09,348511329.83512
2026-03-03T11:00:00+00:00,SOLUSDT,84.15,115438721.7408
2026-03-03T12:00:00+00:00,BTCUSDT,67360.1,982537116.695
2026-03-03T12:00:00+00:00,ETHUSDT,1966.34,664670854.50165
2026-03-03T12:00:00+00:00,SOLUSDT,84.37,147829789.167
2026-03-03T13:00:00+00:00,BTCUSDT,66893.6,744135320.4621
2026-03-03T13:00:00+00:00,ETHUSDT,1950.99,559065705.22731
2026-03-03T13:00:00+00:00,SOLUSDT,83.56,109035165.3801
2026-03-03T14:00:00+00:00,BTCUSDT,66539.9,1510136824.161
2026-03-03T14:00:00+00:00,ETHUSDT,1941.87,1227419726.9348
2026-03-03T14:00:00+00:00,SOLUSDT,83.2,220917393.8332
2026-03-03T15:00:00+00:00,BTCUSDT,67692.5,1320545914.0886
2026-03-03T15:00:00+00:00,ETHUSDT,1968.09,867292784.8749
2026-03-03T15:00:00+00:00,SOLUSDT,84.98,205933931.4012
2026-03-03T16:00:00+00:00,BTCUSDT,68137.4,2023081786.2887
2026-03-03T16:00:00+00:00,ETHUSDT,1983.08,1780120115.97057
2026-03-03T16:00:00+00:00,SOLUSDT,85.34,361900361.1474
2026-03-03T17:00:00+00:00,BTCUSDT,68280.5,834392627.7112
2026-03-03T17:00:00+00:00,ETHUSDT,1979.55,656589365.02174
2026-03-03T17:00:00+00:00,SOLUSDT,85.14,138352834.4914
2026-03-03T18:00:00+00:00,BTCUSDT,68589.9,666440549.3091
2026-03-03T18:00:00+00:00,ETHUSDT,1987.39,495324104.12035
2026-03-03T18:00:00+00:00,SOLUSDT,85.35,113332754.3858
2026-03-03T19:00:00+00:00,BTCUSDT,68395.9,674529553.3229
2026-03-03T19:00:00+00:00,ETHUSDT,1985.14,344470665.61251
2026-03-03T19:00:00+00:00,SOLUSDT,85.04,111025873.2037
2026-03-03T20:00:00+00:00,BTCUSDT,68232.9,378529381.0556
2026-03-03T20:00:00+00:00,ETHUSDT,1977.32,219652917.90818
2026-03-03T20:00:00+00:00,SOLUSDT,84.81,65773521.2738
2026-03-03T21:00:00+00:00,BTCUSDT,67976.5,380718955.7579
2026-03-03T21:00:00+00:00,ETHUSDT,1967.37,238023204.8751
2026-03-03T21:00:00+00:00,SOLUSDT,85.08,56043066.1637
2026-03-03T22:00:00+00:00,BTCUSDT,68275.1,261434234.188
2026-03-03T22:00:00+00:00,ETHUSDT,1982.38,210126496.66248
2026-03-03T22:00:00+00:00,SOLUSDT,86.24,85521708.295
2026-03-03T23:00:00+00:00,BTCUSDT,68295.3,386348979.6355
2026-03-03T23:00:00+00:00,ETHUSDT,1981.85,307877567.18898
2026-03-03T23:00:00+00:00,SOLUSDT,86.92,130570226.7272
2026-03-04T00:00:00+00:00,BTCUSDT,68065.8,409428893.7672
2026-03-04T00:00:00+00:00,ETHUSDT,1975.54,356529362.17355
2026-03-04T00:00:00+00:00,SOLUSDT,86.58,83250750.5013
2026-03-04T01:00:00+00:00,BTCUSDT,68377.9,773202906.3016
2026-03-04T01:00:00+00:00,ETHUSDT,1980.76,324570928.23167
2026-03-04T01:00:00+00:00,SOLUSDT,87.22,130243075.8792
2026-03-04T02:00:00+00:00,BTCUSDT,68286.0,378735226.0529
2026-03-04T02:00:00+00:00,ETHUSDT,1978.09,200412337.81003
2026-03-04T02:00:00+00:00,SOLUSDT,87.02,71626037.6427
2026-03-04T03:00:00+00:00,BTCUSDT,67700.1,733462292.1958
2026-03-04T03:00:00+00:00,ETHUSDT,1959.59,605097296.19071
2026-03-04T03:00:00+00:00,SOLUSDT,85.71,137080939.6207
2026-03-04T04:00:00+00:00,BTCUSDT,67755.8,561171485.8841
2026-03-04T04:00:00+00:00,ETHUSDT,1959.14,262619296.96741
2026-03-04T04:00:00+00:00,SOLUSDT,85.36,81362581.3158
2026-03-04T05:00:00+00:00,BTCUSDT,68173.2,449622134.9508
2026-03-04T05:00:00+00:00,ETHUSDT,1970.08,283369343.55997
2026-03-04T05:00:00+00:00,SOLUSDT,85.64,95798068.9
2026-03-04T06:00:00+00:00,BTCUSDT,68472.2,557823920.0484
2026-03-04T06:00:00+00:00,ETHUSDT,1979.25,307660305.18818
2026-03-04T06:00:00+00:00,SOLUSDT,85.56,82734085.7796
2026-03-04T07:00:00+00:00,BTCUSDT,69464.5,1122457621.6434
2026-03-04T07:00:00+00:00,ETHUSDT,2005.72,575790187.3773
2026-03-04T07:00:00+00:00,SOLUSDT,87.38,111659724.5461
2026-03-04T08:00:00+00:00,BTCUSDT,70993.7,2143406745.489
2026-03-04T08:00:00+00:00,ETHUSDT,2063.26,1544093283.04163
2026-03-04T08:00:00+00:00,SOLUSDT,89.7,237736671.4688
2026-03-04T09:00:00+00:00,BTCUSDT,71487.1,2603179531.0106
2026-03-04T09:00:00+00:00,ETHUSDT,2074.45,1590753488.97894
2026-03-04T09:00:00+00:00,SOLUSDT,90.5,353187215.459
2026-03-04T10:00:00+00:00,BTCUSDT,71310.9,1173050802.542
2026-03-04T10:00:00+00:00,ETHUSDT,2071.72,744438024.90918
2026-03-04T10:00:00+00:00,SOLUSDT,90.12,216359476.785
2026-03-04T11:00:00+00:00,BTCUSDT,71082.4,791926421.1121
2026-03-04T11:00:00+00:00,ETHUSDT,2054.18,710181406.6562
2026-03-04T11:00:00+00:00,SOLUSDT,89.73,138798746.3548
2026-03-04T12:00:00+00:00,BTCUSDT,71307.8,1062010252.3265
2026-03-04T12:00:00+00:00,ETHUSDT,2053.31,579727325.73766
2026-03-04T12:00:00+00:00,SOLUSDT,89.39,136527354.0723
2026-03-04T13:00:00+00:00,BTCUSDT,71447.9,688537582.4034
2026-03-04T13:00:00+00:00,ETHUSDT,2063.47,527103340.71889
2026-03-04T13:00:00+00:00,SOLUSDT,89.94,119305967.1825
2026-03-04T14:00:00+00:00,BTCUSDT,71580.5,2608831049.1202
2026-03-04T14:00:00+00:00,ETHUSDT,2079.06,1625372547.19031
2026-03-04T14:00:00+00:00,SOLUSDT,90.13,299873974.1241
2026-03-04T15:00:00+00:00,BTCUSDT,73339.7,2300992062.8267
2026-03-04T15:00:00+00:00,ETHUSDT,2149.3,1949271614.63144
2026-03-04T15:00:00+00:00,SOLUSDT,92.88,347656425.7838
2026-03-04T16:00:00+00:00,BTCUSDT,73241.2,1415460648.249
2026-03-04T16:00:00+00:00,ETHUSDT,2141.24,1217915328.03796
2026-03-04T16:00:00+00:00,SOLUSDT,91.47,232435769.805
2026-03-04T17:00:00+00:00,BTCUSDT,73174.2,1387904714.4381
2026-03-04T17:00:00+00:00,ETHUSDT,2144.83,668563977.42877
2026-03-04T17:00:00+00:00,SOLUSDT,91.49,158107266.0211
2026-03-04T18:00:00+00:00,BTCUSDT,73651.4,853941998.4858
2026-03-04T18:00:00+00:00,ETHUSDT,2161.99,502994869.91069
2026-03-04T18:00:00+00:00,SOLUSDT,92.32,89957306.4911
2026-03-04T19:00:00+00:00,BTCUSDT,73580.2,1256828601.0121
2026-03-04T19:00:00+00:00,ETHUSDT,2176.46,1206575365.67793
2026-03-04T19:00:00+00:00,SOLUSDT,93.14,214997928.0252
2026-03-04T20:00:00+00:00,BTCUSDT,72971.8,567364380.3915
2026-03-04T20:00:00+00:00,ETHUSDT,2148.51,446902285.61698
2026-03-04T20:00:00+00:00,SOLUSDT,92.81,131862672.1018
2026-03-04T21:00:00+00:00,BTCUSDT,73273.5,481125205.9998
2026-03-04T21:00:00+00:00,ETHUSDT,2148.62,285242917.84314
2026-03-04T21:00:00+00:00,SOLUSDT,92.29,92698164.189
2026-03-04T22:00:00+00:00,BTCUSDT,72678.9,461698518.1234
2026-03-04T22:00:00+00:00,ETHUSDT,2130.97,355633448.11918
2026-03-04T22:00:00+00:00,SOLUSDT,91.28,88258762.6186
2026-03-04T23:00:00+00:00,BTCUSDT,72641.4,669347261.6215
2026-03-04T23:00:00+00:00,ETHUSDT,2125.98,334901731.15203
2026-03-04T23:00:00+00:00,SOLUSDT,90.82,100650558.6423
2026-03-05T00:00:00+00:00,BTCUSDT,72725.0,397448015.4679
2026-03-05T00:00:00+00:00,ETHUSDT,2126.85,285033520.15239
2026-03-05T00:00:00+00:00,SOLUSDT,90.72,62547449.8245
2026-03-05T01:00:00+00:00,BTCUSDT,72507.8,583700225.3483
2026-03-05T01:00:00+00:00,ETHUSDT,2112.63,482801379.02215
2026-03-05T01:00:00+00:00,SOLUSDT,89.92,142778194.5163
2026-03-05T02:00:00+00:00,BTCUSDT,72468.9,407975139.3275
2026-03-05T02:00:00+00:00,ETHUSDT,2120.86,358077967.44272
2026-03-05T02:00:00+00:00,SOLUSDT,90.13,69273507.9468
2026-03-05T03:00:00+00:00,BTCUSDT,72469.6,325605006.4372
2026-03-05T03:00:00+00:00,ETHUSDT,2119.11,313057427.08114
2026-03-05T03:00:00+00:00,SOLUSDT,89.98,64295509.98
2026-03-05T04:00:00+00:00,BTCUSDT,72784.0,513284385.1809
2026-03-05T04:00:00+00:00,ETHUSDT,2136.28,503955372.87543
2026-03-05T04:00:00+00:00,SOLUSDT,90.35,66985229.2681
2026-03-05T05:00:00+00:00,BTCUSDT,72374.9,413847611.393
2026-03-05T05:00:00+00:00,ETHUSDT,2118.51,359020982.59457
2026-03-05T05:00:00+00:00,SOLUSDT,90.12,51355877.0538
2026-03-05T06:00:00+00:00,BTCUSDT,72520.3,677274430.754
2026-03-05T06:00:00+00:00,ETHUSDT,2127.11,305630693.63312
2026-03-05T06:00:00+00:00,SOLUSDT,90.81,75057024.4014
2026-03-05T07:00:00+00:00,BTCUSDT,72025.5,757319515.7061
2026-03-05T07:00:00+00:00,ETHUSDT,2104.3,484242966.57491
2026-03-05T07:00:00+00:00,SOLUSDT,90.11,105715909.0676
2026-03-05T08:00:00+00:00,BTCUSDT,72307.6,567007255.3826
2026-03-05T08:00:00+00:00,ETHUSDT,2116.7,493782606.66479
2026-03-05T08:00:00+00:00,SOLUSDT,90.59,93675155.342
2026-03-05T09:00:00+00:00,BTCUSDT,72563.2,651562816.3821
2026-03-05T09:00:00+00:00,ETHUSDT,2124.65,483420608.87056
2026-03-05T09:00:00+00:00,SOLUSDT,91.13,138603921.4871
2026-03-05T10:00:00+00:00,BTCUSDT,73347.0,977035746.9844
2026-03-05T10:00:00+00:00,ETHUSDT,2155.08,674765693.93814
2026-03-05T10:00:00+00:00,SOLUSDT,92.58,145035047.4623
2026-03-05T11:00:00+00:00,BTCUSDT,72879.9,598000476.2813
2026-03-05T11:00:00+00:00,ETHUSDT,2136.76,425166315.24608
2026-03-05T11:00:00+00:00,SOLUSDT,91.76,87695074.2668
2026-03-05T12:00:00+00:00,BTCUSDT,72842.2,473972427.2087
2026-03-05T12:00:00+00:00,ETHUSDT,2137.04,416310538.06431
2026-03-05T12:00:00+00:00,SOLUSDT,91.92,95107006.3185
2026-03-05T13:00:00+00:00,BTCUSDT,72435.5,846355768.9435
2026-03-05T13:00:00+00:00,ETHUSDT,2116.43,603350077.74917
2026-03-05T13:00:00+00:00,SOLUSDT,90.77,136847319.4184
2026-03-05T14:00:00+00:00,BTCUSDT,72574.7,1148682555.7529
2026-03-05T14:00:00+00:00,ETHUSDT,2118.15,871784723.87319
2026-03-05T14:00:00+00:00,SOLUSDT,90.96,199884044.39
2026-03-05T15:00:00+00:00,BTCUSDT,71611.7,2014632540.324
2026-03-05T15:00:00+00:00,ETHUSDT,2086.09,1469546941.8475
2026-03-05T15:00:00+00:00,SOLUSDT,89.56,246572480.3711
2026-03-05T16:00:00+00:00,BTCUSDT,71267.9,1692648689.7753
2026-03-05T16:00:00+00:00,ETHUSDT,2079.17,1061130979.62364
2026-03-05T16:00:00+00:00,SOLUSDT,88.9,238707982.8093
2026-03-05T17:00:00+00:00,BTCUSDT,70668.5,836252207.3158
2026-03-05T17:00:00+00:00,ETHUSDT,2058.84,685873115.0409
2026-03-05T17:00:00+00:00,SOLUSDT,88.07,128410916.6841
2026-03-05T18:00:00+00:00,BTCUSDT,70962.8,496776562.8134
2026-03-05T18:00:00+00:00,ETHUSDT,2075.79,328448256.03324
2026-03-05T18:00:00+00:00,SOLUSDT,88.77,66873264.7599
2026-03-05T19:00:00+00:00,BTCUSDT,70875.5,594085789.2454
2026-03-05T19:00:00+00:00,ETHUSDT,2073.61,392086173.43992
2026-03-05T19:00:00+00:00,SOLUSDT,88.68,76912410.9451
2026-03-05T20:00:00+00:00,BTCUSDT,71206.2,375389333.4073
2026-03-05T20:00:00+00:00,ETHUSDT,2091.42,360483767.25838
2026-03-05T20:00:00+00:00,SOLUSDT,89.17,90376166.3949
2026-03-05T21:00:00+00:00,BTCUSDT,71099.7,384502963.5513
2026-03-05T21:00:00+00:00,ETHUSDT,2079.73,251989719.49468
2026-03-05T21:00:00+00:00,SOLUSDT,89.07,70549478.3269
2026-03-05T22:00:00+00:00,BTCUSDT,71170.9,249633093.6861
2026-03-05T22:00:00+00:00,ETHUSDT,2079.2,99919405.37356
2026-03-05T22:00:00+00:00,SOLUSDT,89.04,46638650.1851
2026-03-05T23:00:00+00:00,BTCUSDT,70854.8,298975327.0513
2026-03-05T23:00:00+00:00,ETHUSDT,2072.18,151802258.91555
2026-03-05T23:00:00+00:00,SOLUSDT,88.74,39934273.965
2026-03-06T00:00:00+00:00,BTCUSDT,70952.5,263905431.7729
2026-03-06T00:00:00+00:00,ETHUSDT,2074.36,130355742.53474
2026-03-06T00:00:00+00:00,SOLUSDT,88.82,31505359.809
2026-03-06T01:00:00+00:00,BTCUSDT,71217.0,729511920.381
2026-03-06T01:00:00+00:00,ETHUSDT,2086.7,405272874.57139
2026-03-06T01:00:00+00:00,SOLUSDT,89.06,94770153.4574
2026-03-06T02:00:00+00:00,BTCUSDT,71204.1,415291733.5896
2026-03-06T02:00:00+00:00,ETHUSDT,2082.64,194371992.00971
2026-03-06T02:00:00+00:00,SOLUSDT,88.31,105692461.6181
2026-03-06T03:00:00+00:00,BTCUSDT,71045.4,243361066.0673
2026-03-06T03:00:00+00:00,ETHUSDT,2082.88,193771386.95954
2026-03-06T03:00:00+00:00,SOLUSDT,88.36,45720965.2623
2026-03-06T04:00:00+00:00,BTCUSDT,70578.1,567692180.2538
2026-03-06T04:00:00+00:00,ETHUSDT,2070.02,326724257.3863
2026-03-06T04:00:00+00:00,SOLUSDT,88.11,70658159.4444
2026-03-06T05:00:00+00:00,BTCUSDT,70396.4,629776464.3037
2026-03-06T05:00:00+00:00,ETHUSDT,2067.63,282191206.06696
2026-03-06T05:00:00+00:00,SOLUSDT,87.85,67713988.7739
2026-03-06T06:00:00+00:00,BTCUSDT,70565.5,387224114.2772
2026-03-06T06:00:00+00:00,ETHUSDT,2073.12,235491070.75347
2026-03-06T06:00:00+00:00,SOLUSDT,88.02,54224281.1997
2026-03-06T07:00:00+00:00,BTCUSDT,71026.7,504657413.848
2026-03-06T07:00:00+00:00,ETHUSDT,2081.79,275468295.6354
2026-03-06T07:00:00+00:00,SOLUSDT,88.64,75411410.5415
2026-03-06T08:00:00+00:00,BTCUSDT,70750.2,392728338.8511
2026-03-06T08:00:00+00:00,ETHUSDT,2074.91,203166868.992
2026-03-06T08:00:00+00:00,SOLUSDT,88.3,47053547.6485
2026-03-06T09:00:00+00:00,BTCUSDT,70521.4,508515909.2109
2026-03-06T09:00:00+00:00,ETHUSDT,2058.71,658979628.97958
2026-03-06T09:00:00+00:00,SOLUSDT,87.43,109106540.0768
2026-03-06T10:00:00+00:00,BTCUSDT,70506.8,413416286.6613
2026-03-06T10:00:00+00:00,ETHUSDT,2062.05,285419004.84726
2026-03-06T10:00:00+00:00,SOLUSDT,87.64,51244999.2723
2026-03-06T11:00:00+00:00,BTCUSDT,70185.6,454462473.8653
2026-03-06T11:00:00+00:00,ETHUSDT,2050.02,269039957.79178
2026-03-06T11:00:00+00:00,SOLUSDT,87.21,68326795.9739
2026-03-06T12:00:00+00:00,BTCUSDT,69895.2,1127805176.0251
2026-03-06T12:00:00+00:00,ETHUSDT,2047.58,598433227.4496
2026-03-06T12:00:00+00:00,SOLUSDT,86.43,209474542.6748
2026-03-06T13:00:00+00:00,BTCUSDT,69189.6,1356699093.9814
2026-03-06T13:00:00+00:00,ETHUSDT,2018.52,1020722254.59548
2026-03-06T13:00:00+00:00,SOLUSDT,85.54,196467530.2018
2026-03-06T14:00:00+00:00,BTCUSDT,68367.6,2249017171.927
2026-03-06T14:00:00+00:00,ETHUSDT,1980.27,1764253979.0261
2026-03-06T14:00:00+00:00,SOLUSDT,84.27,272667192.4597
2026-03-06T15:00:00+00:00,BTCUSDT,68468.4,1128493196.8368
2026-03-06T15:00:00+00:00,ETHUSDT,1976.43,1011232142.5218
2026-03-06T15:00:00+00:00,SOLUSDT,84.57,167888711.2988
2026-03-06T16:00:00+00:00,BTCUSDT,68410.2,648559361.6872
2026-03-06T16:00:00+00:00,ETHUSDT,1970.2,591186971.85112
2026-03-06T16:00:00+00:00,SOLUSDT,84.28,93352709.0615
2026-03-06T17:00:00+00:00,BTCUSDT,67926.0,910005087.8615
2026-03-06T17:00:00+00:00,ETHUSDT,1965.51,598669645.89077
2026-03-06T17:00:00+00:00,SOLUSDT,84.12,114816896.4997
